town,year,tot_inj,tot_fat,mot_inj,mot_fat,trk_inj,trk_fat,mot_tot,truck_tot,
Acton,2005,131,0,127,0,4,0,,,
Arlington,2005,127,0,122,0,1,0,,,
Ashland,2005,84,1,84,0,1,0,,,
Bedford,2005,84,0,84,0,11,0,,,
Bellingham,2005,162,1,160,1,1,0,,,
Belmont,2005,107,1,96,1,3,0,,,
Beverly,2005,254,1,242,1,5,0,,,
Bolton,2005,66,0,66,0,13,0,,,
Boston,2005,3882,18,3845,11,133,0,,,
Boxborough,2005,20,0,20,0,7,0,,,
Braintree,2005,558,0,549,0,28,0,,,
Brookline,2005,362,1,319,0,29,0,,,
Burlington,2005,262,0,260,0,7,0,,,
Cambridge,2005,711,4,576,1,28,0,,,
Canton,2005,242,0,239,0,12,0,,,
Carlisle,2005,18,0,18,0,1,0,,,
Chelsea,2005,342,3,301,3,13,0,,,
Cohasset,2005,44,0,44,0,2,0,,,
Concord,2005,136,0,130,0,6,0,,,
Danvers,2005,430,0,423,0,19,0,,,
Dedham,2005,199,0,198,0,16,0,,,
Dover,2005,43,0,41,0,2,0,,,
Duxbury,2005,103,0,102,0,0,0,,,
Essex,2005,30,0,29,0,2,0,,,
Everett,2005,419,0,399,0,10,0,,,
Foxborough,2005,174,2,170,2,10,0,,,
Framingham,2005,887,6,861,4,23,1,,,
Franklin,2005,161,1,161,0,13,1,,,
Gloucester,2005,111,2,108,1,4,0,,,
Hamilton,2005,23,0,23,0,0,0,,,
Hanover,2005,135,2,134,2,3,0,,,
Hingham,2005,169,2,163,2,2,0,,,
Holbrook,2005,104,0,103,0,0,0,,,
Holliston,2005,89,1,86,1,4,0,,,
Hopkinton,2005,178,2,176,2,19,0,,,
Hudson,2005,131,2,130,2,2,0,,,
Hull,2005,29,0,28,0,0,0,,,
Ipswich,2005,49,0,48,0,3,0,,,
Lexington,2005,297,0,278,0,20,0,,,
Lincoln,2005,55,0,54,0,2,0,,,
Littleton,2005,80,1,77,1,2,0,,,
Lynn,2005,1137,4,1065,2,18,0,,,
Lynnfield,2005,92,0,92,0,2,0,,,
Malden,2005,383,2,366,1,9,0,,,
Manchester,2005,21,0,20,0,2,0,,,
Marblehead,2005,40,0,40,0,1,0,,,
Marlborough,2005,379,1,374,0,12,0,,,
Marshfield,2005,153,4,152,3,7,0,,,
Maynard,2005,30,0,30,0,0,0,,,
Medfield,2005,51,0,50,0,0,0,,,
Medford,2005,476,4,454,3,24,0,,,
Medway,2005,74,1,74,1,5,0,,,
Melrose,2005,133,1,126,1,8,0,,,
Middleton,2005,55,0,55,0,4,0,,,
Milford,2005,145,1,145,1,7,0,,,
Millis,2005,45,1,45,1,2,0,,,
Milton,2005,353,4,348,4,19,2,,,
Nahant,2005,2,0,2,0,0,0,,,
Natick,2005,249,5,244,5,6,0,,,
Needham,2005,162,0,157,0,15,0,,,
Newton,2005,712,1,672,1,24,0,,,
Norfolk,2005,34,0,34,0,0,0,,,
North Reading,2005,67,0,64,0,3,0,,,
Norwell,2005,121,3,121,3,1,0,,,
Norwood,2005,278,0,267,0,11,0,,,
Peabody,2005,525,3,510,2,19,0,,,
Pembroke,2005,156,0,153,0,7,0,,,
Quincy,2005,896,4,849,3,30,0,,,
Randolph,2005,291,3,286,3,10,0,,,
Reading,2005,181,0,177,0,4,0,,,
Revere,2005,471,5,462,4,14,0,,,
Rockland,2005,169,1,165,1,6,0,,,
Rockport,2005,13,0,12,0,1,0,,,
Salem,2005,464,1,440,1,4,0,,,
Saugus,2005,482,2,473,0,14,0,,,
Scituate,2005,39,0,37,0,0,0,,,
Sharon,2005,148,1,145,1,4,0,,,
Sherborn,2005,64,0,63,0,2,0,,,
Somerville,2005,535,2,474,0,17,0,,,
Southborough,2005,108,2,107,2,11,0,,,
Stoneham,2005,224,2,216,2,17,0,,,
Stoughton,2005,285,5,277,5,13,1,,,
Stow,2005,35,0,35,0,0,0,,,
Sudbury,2005,118,0,113,0,2,0,,,
Swampscott,2005,131,0,128,0,1,0,,,
Topsfield,2005,74,1,72,1,4,1,,,
Wakefield,2005,184,1,178,0,6,0,,,
Walpole,2005,195,0,194,0,7,0,,,
Waltham,2005,433,0,406,0,15,0,,,
Watertown,2005,247,0,235,0,7,0,,,
Wayland,2005,84,0,83,0,7,0,,,
Wellesley,2005,230,0,221,0,12,0,,,
Wenham,2005,44,1,44,0,1,0,,,
Weston,2005,191,4,190,3,14,0,,,
Westwood,2005,184,0,180,0,17,0,,,
Weymouth,2005,509,3,489,1,13,0,,,
Wilmington,2005,242,1,237,1,10,1,,,
Winchester,2005,83,1,78,1,1,0,,,
Winthrop,2005,46,0,42,0,0,0,,,
Woburn,2005,513,5,500,5,22,0,,,
Wrentham,2005,149,0,148,0,8,0,,,
Total,2005,25423,131,24490,97,964,7,,,
Acton,2006,121,0,119,0,7,0,,,
Arlington,2006,153,0,140,0,7,0,,,
Ashland,2006,67,0,66,0,4,0,,,
Bedford,2006,103,2,99,2,5,2,,,
Bellingham,2006,166,1,165,1,16,0,,,
Belmont,2006,132,0,120,0,1,0,,,
Beverly,2006,255,0,239,0,4,0,,,
Bolton,2006,75,1,74,1,7,0,,,
Boston,2006,4004,24,3972,16,122,0,,,
Boxborough,2006,21,0,21,0,0,0,,,
Braintree,2006,490,1,485,1,16,0,,,
Brookline,2006,321,1,294,0,2,0,,,
Burlington,2006,327,2,324,2,20,0,,,
Cambridge,2006,686,2,565,1,24,0,,,
Canton,2006,230,1,224,1,16,0,,,
Carlisle,2006,17,0,17,0,1,0,,,
Chelsea,2006,359,2,318,2,17,0,,,
Cohasset,2006,36,0,33,0,2,0,,,
Concord,2006,127,1,125,1,16,1,,,
Danvers,2006,399,2,392,1,11,0,,,
Dedham,2006,267,0,265,0,10,0,,,
Dover,2006,33,2,31,2,1,0,,,
Duxbury,2006,47,1,45,1,0,1,,,
Essex,2006,28,0,28,0,1,0,,,
Everett,2006,334,2,323,2,12,0,,,
Foxborough,2006,134,2,132,1,9,1,,,
Framingham,2006,753,1,716,1,13,0,,,
Franklin,2006,151,1,150,1,7,0,,,
Gloucester,2006,78,0,71,0,3,0,,,
Hamilton,2006,18,0,18,0,0,0,,,
Hanover,2006,126,0,125,0,1,0,,,
Hingham,2006,207,2,204,2,6,0,,,
Holbrook,2006,93,1,88,1,1,0,,,
Holliston,2006,82,1,81,1,1,0,,,
Hopkinton,2006,137,3,137,2,7,0,,,
Hudson,2006,141,0,139,0,3,0,,,
Hull,2006,29,0,27,0,1,0,,,
Ipswich,2006,47,0,46,0,1,0,,,
Lexington,2006,293,4,269,2,9,0,,,
Lincoln,2006,49,0,49,0,3,0,,,
Littleton,2006,85,1,85,1,1,0,,,
Lynn,2006,1079,4,993,3,28,1,,,
Lynnfield,2006,124,0,121,0,4,0,,,
Malden,2006,453,0,401,0,4,0,,,
Manchester,2006,17,0,17,0,0,0,,,
Marblehead,2006,40,0,35,0,1,0,,,
Marlborough,2006,350,1,343,1,17,0,,,
Marshfield,2006,149,1,145,0,6,0,,,
Maynard,2006,23,0,23,0,2,0,,,
Medfield,2006,56,1,54,0,2,0,,,
Medford,2006,504,1,485,0,14,0,,,
Medway,2006,59,1,59,0,1,0,,,
Melrose,2006,105,0,101,0,4,0,,,
Middleton,2006,75,0,75,0,9,0,,,
Milford,2006,121,1,119,0,3,0,,,
Millis,2006,31,0,30,0,0,0,,,
Milton,2006,319,4,318,4,15,0,,,
Nahant,2006,4,0,4,0,0,0,,,
Natick,2006,258,1,246,0,8,0,,,
Needham,2006,206,2,200,2,12,0,,,
Newton,2006,698,3,659,1,34,0,,,
Norfolk,2006,28,1,28,0,1,0,,,
North Reading,2006,98,1,95,1,1,0,,,
Norwell,2006,112,0,110,0,2,0,,,
Norwood,2006,232,0,219,0,9,0,,,
Peabody,2006,438,3,428,3,17,0,,,
Pembroke,2006,157,0,153,0,17,0,,,
Quincy,2006,780,8,735,4,11,0,,,
Randolph,2006,330,4,318,2,3,0,,,
Reading,2006,130,0,125,0,20,0,,,
Revere,2006,593,4,586,2,7,0,,,
Rockland,2006,177,1,169,1,0,0,,,
Rockport,2006,26,0,26,0,18,0,,,
Salem,2006,439,2,409,0,15,0,,,
Saugus,2006,388,3,374,3,2,0,,,
Scituate,2006,45,1,44,1,4,1,,,
Sharon,2006,109,5,104,5,2,0,,,
Sherborn,2006,46,0,45,0,17,0,,,
Somerville,2006,520,1,464,0,5,0,,,
Southborough,2006,91,0,91,0,12,0,,,
Stoneham,2006,194,0,192,0,1,0,,,
Stoughton,2006,338,1,317,1,21,0,,,
Stow,2006,26,0,25,0,4,0,,,
Sudbury,2006,101,1,96,1,0,0,,,
Swampscott,2006,128,0,126,0,10,0,,,
Topsfield,2006,37,0,35,0,0,0,,,
Wakefield,2006,187,4,176,3,7,1,,,
Walpole,2006,170,2,166,2,7,0,,,
Waltham,2006,444,2,399,2,14,0,,,
Watertown,2006,169,4,148,4,6,0,,,
Wayland,2006,65,1,65,0,9,0,,,
Wellesley,2006,197,0,186,0,9,0,,,
Wenham,2006,26,0,25,0,2,0,,,
Weston,2006,220,1,218,1,14,0,,,
Westwood,2006,164,0,162,0,5,0,,,
Weymouth,2006,458,0,449,0,11,0,,,
Wilmington,2006,218,3,215,3,10,0,,,
Winchester,2006,84,2,82,2,2,0,,,
Winthrop,2006,52,1,48,1,0,0,,,
Woburn,2006,531,2,515,2,35,1,,,
Wrentham,2006,128,6,127,4,4,1,,,
Total,2006,24568,145,23544,105,886,10,,,
Acton,2007,85,1,85,1,5,0,,,
Arlington,2007,99,2,88,2,2,0,,,
Ashland,2007,67,1,64,1,3,1,,,
Bedford,2007,91,2,90,1,4,0,,,
Bellingham,2007,145,3,145,2,15,0,,,
Belmont,2007,107,1,96,0,5,0,,,
Beverly,2007,243,1,229,1,6,0,,,
Bolton,2007,76,1,76,1,1,0,,,
Boston,2007,3118,31,3055,18,115,1,,,
Boxborough,2007,17,1,17,1,0,1,,,
Braintree,2007,454,2,452,2,21,1,,,
Brookline,2007,273,0,237,0,11,0,,,
Burlington,2007,269,2,267,1,12,0,,,
Cambridge,2007,581,2,464,2,7,0,,,
Canton,2007,208,2,197,1,17,0,,,
Carlisle,2007,10,0,9,0,0,0,,,
Chelsea,2007,357,2,301,2,23,0,,,
Cohasset,2007,40,0,40,0,6,0,,,
Concord,2007,136,0,129,0,3,0,,,
Danvers,2007,347,2,335,2,14,0,,,
Dedham,2007,229,1,227,0,14,0,,,
Dover,2007,16,2,14,2,0,0,,,
Duxbury,2007,93,1,92,1,2,0,,,
Essex,2007,19,0,18,0,0,0,,,
Everett,2007,299,0,279,0,10,0,,,
Foxborough,2007,146,3,144,3,11,0,,,
Framingham,2007,669,2,636,2,15,0,,,
Franklin,2007,163,2,162,2,11,0,,,
Gloucester,2007,74,0,72,0,2,0,,,
Hamilton,2007,18,0,17,0,0,0,,,
Hanover,2007,140,1,138,1,0,0,,,
Hingham,2007,198,1,191,1,5,0,,,
Holbrook,2007,70,1,66,1,4,1,,,
Holliston,2007,100,0,96,0,3,0,,,
Hopkinton,2007,152,0,151,0,17,0,,,
Hudson,2007,133,1,131,0,1,0,,,
Hull,2007,30,0,27,0,2,0,,,
Ipswich,2007,39,0,36,0,0,0,,,
Lexington,2007,300,4,278,2,11,0,,,
Lincoln,2007,45,0,45,0,0,0,,,
Littleton,2007,67,0,67,0,12,0,,,
Lynn,2007,959,3,874,3,19,0,,,
Lynnfield,2007,101,1,95,1,6,0,,,
Malden,2007,413,2,369,0,16,0,,,
Manchester,2007,16,0,16,0,1,0,,,
Marblehead,2007,27,0,24,0,0,0,,,
Marlborough,2007,319,3,315,2,11,1,,,
Marshfield,2007,117,2,114,2,3,0,,,
Maynard,2007,20,0,20,0,0,0,,,
Medfield,2007,47,0,44,0,0,0,,,
Medford,2007,473,2,444,0,13,0,,,
Medway,2007,45,0,45,0,0,0,,,
Melrose,2007,99,2,98,2,1,0,,,
Middleton,2007,55,0,54,0,4,0,,,
Milford,2007,139,2,139,2,5,1,,,
Millis,2007,24,1,24,1,1,0,,,
Milton,2007,339,2,336,2,31,0,,,
Nahant,2007,5,0,5,0,1,0,,,
Natick,2007,212,0,199,0,7,0,,,
Needham,2007,158,1,150,0,7,0,,,
Newton,2007,638,3,568,3,18,0,,,
Norfolk,2007,19,1,19,1,0,0,,,
North Reading,2007,112,1,109,1,3,0,,,
Norwell,2007,96,0,95,0,3,0,,,
Norwood,2007,264,2,251,2,12,1,,,
Peabody,2007,425,1,415,1,14,0,,,
Pembroke,2007,154,2,150,2,12,0,,,
Quincy,2007,703,1,657,0,10,0,,,
Randolph,2007,325,2,321,1,4,1,,,
Reading,2007,135,0,130,0,14,0,,,
Revere,2007,449,6,431,6,7,0,,,
Rockland,2007,174,0,169,0,0,0,,,
Rockport,2007,10,0,9,0,10,0,,,
Salem,2007,347,2,309,2,9,0,,,
Saugus,2007,331,2,327,1,1,0,,,
Scituate,2007,40,2,40,1,3,0,,,
Sharon,2007,98,1,93,1,1,0,,,
Sherborn,2007,51,0,49,0,21,0,,,
Somerville,2007,529,3,457,3,5,0,,,
Southborough,2007,99,2,98,2,5,0,,,
Stoneham,2007,199,2,192,2,0,0,,,
Stoughton,2007,287,3,281,3,13,0,,,
Stow,2007,46,0,46,0,2,0,,,
Sudbury,2007,90,0,86,0,4,0,,,
Swampscott,2007,112,1,110,1,5,0,,,
Topsfield,2007,51,0,50,0,2,0,,,
Wakefield,2007,157,0,151,0,4,0,,,
Walpole,2007,123,1,120,0,3,1,,,
Waltham,2007,406,3,385,2,20,0,,,
Watertown,2007,177,0,162,0,3,0,,,
Wayland,2007,76,0,73,0,3,0,,,
Wellesley,2007,188,3,173,3,11,0,,,
Wenham,2007,31,0,29,0,2,0,,,
Weston,2007,153,4,150,4,10,0,,,
Westwood,2007,128,1,125,0,9,0,,,
Weymouth,2007,447,0,437,0,8,0,,,
Wilmington,2007,280,0,273,0,15,0,,,
Winchester,2007,71,0,69,0,1,0,,,
Winthrop,2007,44,0,38,0,1,0,,,
Woburn,2007,494,1,480,0,30,0,,,
Wrentham,2007,132,1,132,1,4,0,,,
Total,2007,21982,147,20887,111,818,10,,,
Acton,2008,86,3,86,2,1,0,,,
Arlington,2008,121,0,107,0,3,0,,,
Ashland,2008,95,2,86,2,1,0,,,
Bedford,2008,83,1,79,1,4,0,,,
Bellingham,2008,129,1,128,1,7,0,,,
Belmont,2008,95,0,89,0,7,0,,,
Beverly,2008,239,1,226,0,10,0,,,
Bolton,2008,85,1,85,0,7,0,,,
Boston,2008,2818,26,2743,12,108,2,,,
Boxborough,2008,19,0,19,0,3,0,,,
Braintree,2008,390,1,386,1,6,0,,,
Brookline,2008,217,1,185,1,4,0,,,
Burlington,2008,281,0,271,0,6,0,,,
Cambridge,2008,562,4,428,2,11,1,,,
Canton,2008,238,2,231,2,15,0,,,
Carlisle,2008,18,0,14,-3,1,0,,,
Chelsea,2008,274,1,234,1,17,0,,,
Cohasset,2008,27,1,25,1,0,0,,,
Concord,2008,141,0,130,0,3,0,,,
Danvers,2008,331,2,322,2,8,0,,,
Dedham,2008,206,0,204,0,11,0,,,
Dover,2008,35,0,33,0,2,0,,,
Duxbury,2008,79,0,79,0,4,0,,,
Essex,2008,21,0,19,0,1,0,,,
Everett,2008,232,2,226,0,12,0,,,
Foxborough,2008,166,2,161,2,7,0,,,
Framingham,2008,747,0,707,0,19,0,,,
Franklin,2008,143,3,141,2,5,2,,,
Gloucester,2008,74,1,72,1,4,0,,,
Hamilton,2008,11,0,10,0,1,0,,,
Hanover,2008,156,2,154,2,2,0,,,
Hingham,2008,146,4,140,4,2,0,,,
Holbrook,2008,71,0,65,0,5,0,,,
Holliston,2008,84,0,77,0,1,0,,,
Hopkinton,2008,137,0,137,0,8,0,,,
Hudson,2008,88,1,88,0,5,0,,,
Hull,2008,31,0,26,0,1,0,,,
Ipswich,2008,40,0,38,0,0,0,,,
Lexington,2008,220,3,211,2,7,0,,,
Lincoln,2008,45,1,44,1,2,0,,,
Littleton,2008,78,1,78,1,12,1,,,
Lynn,2008,889,5,814,1,10,0,,,
Lynnfield,2008,92,2,90,2,2,0,,,
Malden,2008,352,5,313,5,12,0,,,
Manchester,2008,23,0,23,0,0,0,,,
Marblehead,2008,20,0,17,0,0,0,,,
Marlborough,2008,313,4,300,3,15,0,,,
Marshfield,2008,115,3,112,1,2,0,,,
Maynard,2008,20,0,20,0,0,0,,,
Medfield,2008,35,0,34,0,1,0,,,
Medford,2008,490,1,462,1,30,0,,,
Medway,2008,55,0,53,0,1,0,,,
Melrose,2008,103,1,94,1,0,0,,,
Middleton,2008,57,0,57,0,0,0,,,
Milford,2008,111,1,110,1,1,1,,,
Millis,2008,56,0,55,0,0,0,,,
Milton,2008,302,0,295,0,21,0,,,
Nahant,2008,2,0,2,0,0,0,,,
Natick,2008,240,0,221,0,6,0,,,
Needham,2008,135,0,125,0,11,0,,,
Newton,2008,593,2,537,1,14,0,,,
Norfolk,2008,18,0,18,0,0,0,,,
North Reading,2008,78,0,74,0,5,0,,,
Norwell,2008,100,1,98,1,6,0,,,
Norwood,2008,174,0,167,0,14,0,,,
Peabody,2008,352,3,343,2,22,0,,,
Pembroke,2008,117,0,112,0,20,0,,,
Quincy,2008,710,5,662,4,15,0,,,
Randolph,2008,268,2,260,1,6,0,,,
Reading,2008,116,2,115,2,13,0,,,
Revere,2008,446,2,426,2,1,0,,,
Rockland,2008,140,0,132,0,0,0,,,
Rockport,2008,25,0,24,0,8,0,,,
Salem,2008,306,2,281,1,8,0,,,
Saugus,2008,348,1,341,0,0,0,,,
Scituate,2008,27,0,26,0,4,0,,,
Sharon,2008,97,1,92,1,1,0,,,
Sherborn,2008,52,0,51,0,11,0,,,
Somerville,2008,491,1,408,1,3,0,,,
Southborough,2008,79,1,78,1,9,0,,,
Stoneham,2008,183,3,175,1,0,0,,,
Stoughton,2008,248,1,232,1,3,1,,,
Stow,2008,38,0,35,0,3,0,,,
Sudbury,2008,109,0,109,0,7,0,,,
Swampscott,2008,78,0,76,0,7,0,,,
Topsfield,2008,42,1,40,1,0,0,,,
Wakefield,2008,132,2,120,0,6,0,,,
Walpole,2008,144,0,143,0,4,0,,,
Waltham,2008,456,0,405,0,15,0,,,
Watertown,2008,164,1,143,0,6,1,,,
Wayland,2008,46,1,46,0,3,0,,,
Wellesley,2008,149,1,136,1,9,1,,,
Wenham,2008,18,1,17,1,1,0,,,
Weston,2008,181,2,177,1,10,1,,,
Westwood,2008,158,1,155,0,2,1,,,
Weymouth,2008,409,1,390,1,18,0,,,
Wilmington,2008,230,1,224,1,3,0,,,
Winchester,2008,67,0,65,0,0,0,,,
Winthrop,2008,29,0,25,0,1,0,,,
Woburn,2008,537,3,508,2,30,0,,,
Wrentham,2008,144,3,144,3,7,0,,,
Total,2008,20568,134,19391,85,740,12,,,
Acton,2009,88,0,86,0,6,0,,,
Arlington,2009,153,0,133,0,8,0,,,
Ashland,2009,87,1,85,1,7,0,,,
Bedford,2009,94,1,92,1,1,0,,,
Bellingham,2009,105,5,103,5,9,0,,,
Belmont,2009,94,1,86,0,4,0,,,
Beverly,2009,166,1,156,1,6,0,,,
Bolton,2009,46,3,46,3,4,0,,,
Boston,2009,2003,16,1861,14,72,3,,,
Boxborough,2009,19,0,19,0,1,0,,,
Braintree,2009,375,1,373,1,20,0,,,
Brookline,2009,206,0,169,0,5,0,,,
Burlington,2009,208,3,203,3,9,1,,,
Cambridge,2009,545,0,384,0,24,0,,,
Canton,2009,203,1,199,1,13,0,,,
Carlisle,2009,14,0,11,-3,0,0,,,
Chelsea,2009,311,1,261,1,6,0,,,
Cohasset,2009,35,0,33,0,4,0,,,
Concord,2009,86,1,83,0,7,0,,,
Danvers,2009,272,5,264,3,11,0,,,
Dedham,2009,192,1,190,1,13,1,,,
Dover,2009,18,0,16,0,0,0,,,
Duxbury,2009,34,0,34,0,3,0,,,
Essex,2009,12,0,11,0,2,0,,,
Everett,2009,187,0,173,0,9,0,,,
Foxborough,2009,161,1,156,1,2,0,,,
Framingham,2009,776,1,730,1,26,0,,,
Franklin,2009,124,1,124,1,8,0,,,
Gloucester,2009,47,0,47,0,1,0,,,
Hamilton,2009,12,0,11,0,1,0,,,
Hanover,2009,112,1,111,1,3,1,,,
Hingham,2009,153,0,146,0,1,0,,,
Holbrook,2009,88,1,83,1,3,1,,,
Holliston,2009,82,0,75,0,2,0,,,
Hopkinton,2009,73,3,70,2,9,0,,,
Hudson,2009,91,0,90,0,5,0,,,
Hull,2009,13,0,10,0,0,0,,,
Ipswich,2009,42,1,40,1,2,0,,,
Lexington,2009,207,2,188,2,11,0,,,
Lincoln,2009,63,0,61,0,0,0,,,
Littleton,2009,69,3,69,3,7,0,,,
Lynn,2009,775,4,703,3,17,0,,,
Lynnfield,2009,71,0,70,0,3,0,,,
Malden,2009,253,3,232,2,9,0,,,
Manchester,2009,17,0,16,0,1,0,,,
Marblehead,2009,30,1,26,0,1,0,,,
Marlborough,2009,201,1,189,1,9,0,,,
Marshfield,2009,96,1,94,0,2,0,,,
Maynard,2009,17,0,17,0,0,0,,,
Medfield,2009,41,2,38,2,3,0,,,
Medford,2009,348,3,326,2,27,0,,,
Medway,2009,51,1,51,1,0,0,,,
Melrose,2009,111,0,98,0,4,0,,,
Middleton,2009,34,1,34,1,2,0,,,
Milford,2009,216,0,208,0,5,0,,,
Millis,2009,34,1,34,0,1,0,,,
Milton,2009,276,0,270,0,8,0,,,
Nahant,2009,5,0,4,0,0,0,,,
Natick,2009,155,0,143,0,5,0,,,
Needham,2009,152,1,141,1,7,0,,,
Newton,2009,500,0,452,0,17,0,,,
Norfolk,2009,28,0,27,0,3,0,,,
North Reading,2009,60,1,56,0,1,0,,,
Norwell,2009,66,2,65,1,2,0,,,
Norwood,2009,163,0,154,0,4,0,,,
Peabody,2009,266,1,259,1,5,0,,,
Pembroke,2009,104,1,99,1,38,0,,,
Quincy,2009,630,4,587,3,14,1,,,
Randolph,2009,290,1,283,1,2,1,,,
Reading,2009,60,3,59,3,20,0,,,
Revere,2009,420,4,391,2,8,0,,,
Rockland,2009,134,3,129,3,0,0,,,
Rockport,2009,25,0,21,0,15,0,,,
Salem,2009,356,3,337,2,8,0,,,
Saugus,2009,335,5,327,4,4,0,,,
Scituate,2009,26,0,25,0,0,0,,,
Sharon,2009,92,1,90,1,2,0,,,
Sherborn,2009,47,0,47,0,10,0,,,
Somerville,2009,373,3,300,2,5,0,,,
Southborough,2009,68,2,68,1,0,0,,,
Stoneham,2009,129,0,126,0,1,0,,,
Stoughton,2009,295,3,284,2,14,0,,,
Stow,2009,25,0,23,0,4,0,,,
Sudbury,2009,88,3,83,3,7,0,,,
Swampscott,2009,73,0,72,0,2,0,,,
Topsfield,2009,50,0,47,0,2,0,,,
Wakefield,2009,139,5,126,5,6,0,,,
Walpole,2009,138,4,136,4,5,0,,,
Waltham,2009,431,1,379,1,10,0,,,
Watertown,2009,135,1,106,0,3,0,,,
Wayland,2009,78,1,77,1,4,0,,,
Wellesley,2009,149,0,144,0,6,0,,,
Wenham,2009,19,0,19,0,1,0,,,
Weston,2009,147,0,144,0,8,0,,,
Westwood,2009,121,1,119,1,12,0,,,
Weymouth,2009,444,2,424,0,13,1,,,
Wilmington,2009,237,1,226,1,14,0,,,
Winchester,2009,39,0,37,0,0,0,,,
Winthrop,2009,44,0,37,0,4,0,,,
Woburn,2009,430,3,411,2,23,1,,,
Wrentham,2009,138,2,138,2,6,0,,,
Total,2009,17941,135,16710,105,732,11,,,
Acton,2010,90,0,89,0,10,0,,,
Arlington,2010,117,0,104,0,6,0,,,
Ashland,2010,70,0,65,0,4,0,,,
Bedford,2010,76,1,73,1,2,0,,,
Bellingham,2010,155,0,149,0,2,0,,,
Belmont,2010,98,0,91,0,4,0,,,
Beverly,2010,211,1,187,1,4,1,,,
Bolton,2010,60,1,58,1,5,0,,,
Boston,2010,2342,18,2079,8,88,1,,,
Boxborough,2010,16,1,16,0,3,0,,,
Braintree,2010,391,2,384,1,24,0,,,
Brookline,2010,33,0,30,0,2,0,,,
Burlington,2010,174,0,171,0,7,0,,,
Cambridge,2010,508,1,336,0,23,1,,,
Canton,2010,202,2,197,2,14,0,,,
Carlisle,2010,7,0,7,0,1,0,,,
Chelsea,2010,272,3,226,0,23,0,,,
Cohasset,2010,37,1,35,1,6,0,,,
Concord,2010,80,1,72,0,4,1,,,
Danvers,2010,269,0,261,0,9,0,,,
Dedham,2010,180,0,178,0,9,0,,,
Dover,2010,33,1,29,1,1,0,,,
Duxbury,2010,78,0,78,0,2,0,,,
Essex,2010,22,0,21,0,0,0,,,
Everett,2010,158,0,145,0,2,0,,,
Foxborough,2010,74,0,73,0,4,0,,,
Framingham,2010,686,5,632,2,11,0,,,
Franklin,2010,96,0,94,0,10,0,,,
Gloucester,2010,74,0,69,0,7,0,,,
Hamilton,2010,21,0,19,0,0,0,,,
Hanover,2010,137,0,135,0,2,0,,,
Hingham,2010,145,0,139,0,1,0,,,
Holbrook,2010,92,0,87,0,3,0,,,
Holliston,2010,74,0,69,0,7,0,,,
Hopkinton,2010,125,0,120,0,7,0,,,
Hudson,2010,96,1,96,1,6,0,,,
Hull,2010,18,0,13,0,0,0,,,
Ipswich,2010,41,0,37,0,1,0,,,
Lexington,2010,189,3,167,2,8,0,,,
Lincoln,2010,78,2,77,2,3,0,,,
Littleton,2010,71,0,71,0,7,0,,,
Lynn,2010,725,4,654,4,18,1,,,
Lynnfield,2010,72,0,71,0,3,0,,,
Malden,2010,89,4,81,2,5,0,,,
Manchester,2010,13,0,11,0,0,0,,,
Marblehead,2010,20,1,15,1,0,0,,,
Marlborough,2010,228,0,219,0,4,0,,,
Marshfield,2010,80,2,77,2,1,1,,,
Maynard,2010,16,0,15,0,0,0,,,
Medfield,2010,46,0,45,0,2,0,,,
Medford,2010,224,1,210,1,6,1,,,
Medway,2010,67,1,65,1,0,0,,,
Melrose,2010,109,0,99,0,1,0,,,
Middleton,2010,45,0,45,0,5,0,,,
Milford,2010,240,1,234,1,11,0,,,
Millis,2010,27,1,27,1,0,0,,,
Milton,2010,286,0,280,0,16,0,,,
Nahant,2010,4,0,3,0,0,0,,,
Natick,2010,212,2,197,1,6,1,,,
Needham,2010,122,1,111,1,3,0,,,
Newton,2010,501,4,444,3,23,0,,,
Norfolk,2010,24,0,24,0,0,0,,,
North Reading,2010,67,0,64,0,1,0,,,
Norwell,2010,79,2,79,1,3,0,,,
Norwood,2010,175,3,164,2,2,0,,,
Peabody,2010,217,1,208,1,11,0,,,
Pembroke,2010,96,2,92,2,10,0,,,
Quincy,2010,617,2,565,1,3,0,,,
Randolph,2010,227,2,218,1,4,0,,,
Reading,2010,106,1,101,1,11,0,,,
Revere,2010,347,5,333,3,7,0,,,
Rockland,2010,127,1,119,1,0,1,,,
Rockport,2010,20,0,17,0,16,0,,,
Salem,2010,366,1,329,1,4,0,,,
Saugus,2010,263,2,254,1,1,0,,,
Scituate,2010,17,2,17,1,4,0,,,
Sharon,2010,90,2,89,1,0,0,,,
Sherborn,2010,50,0,49,0,11,0,,,
Somerville,2010,355,1,271,1,1,0,,,
Southborough,2010,34,0,34,0,2,0,,,
Stoneham,2010,135,0,130,0,0,0,,,
Stoughton,2010,220,5,213,3,9,0,,,
Stow,2010,24,0,23,0,9,0,,,
Sudbury,2010,113,1,110,1,3,0,,,
Swampscott,2010,111,0,109,0,2,0,,,
Topsfield,2010,47,0,47,0,2,0,,,
Wakefield,2010,67,1,63,1,0,0,,,
Walpole,2010,135,4,130,4,4,1,,,
Waltham,2010,463,5,425,5,18,0,,,
Watertown,2010,153,0,124,0,9,0,,,
Wayland,2010,57,1,57,1,4,0,,,
Wellesley,2010,152,2,136,2,6,0,,,
Wenham,2010,24,1,24,1,1,0,,,
Weston,2010,153,0,149,0,13,0,,,
Westwood,2010,119,0,116,0,5,0,,,
Weymouth,2010,418,0,392,0,12,0,,,
Wilmington,2010,214,1,206,1,9,0,,,
Winchester,2010,14,1,13,1,0,0,,,
Winthrop,2010,39,0,30,0,0,0,,,
Woburn,2010,391,1,376,1,17,0,,,
Wrentham,2010,122,1,122,1,5,0,,,
Total,2010,17270,117,15904,81,655,10,,,
Acton,2011,76,1,74,0,3,1,,,
Arlington,2011,67,0,55,0,2,0,,,
Ashland,2011,62,1,60,1,5,0,,,
Bedford,2011,97,0,94,0,4,0,,,
Bellingham,2011,76,1,73,1,3,0,,,
Belmont,2011,97,0,89,0,2,0,,,
Beverly,2011,185,0,157,0,4,0,,,
Bolton,2011,59,0,58,0,9,0,,,
Boston,2011,1842,18,1624,14,88,2,,,
Boxborough,2011,21,1,21,1,0,0,,,
Braintree,2011,364,0,361,0,18,0,,,
Brookline,2011,162,1,124,1,7,0,,,
Burlington,2011,173,3,170,3,8,0,,,
Cambridge,2011,459,2,291,0,23,1,,,
Canton,2011,159,0,156,0,18,0,,,
Carlisle,2011,24,0,23,-1,0,0,,,
Chelsea,2011,204,3,154,2,3,0,,,
Cohasset,2011,25,0,23,0,0,0,,,
Concord,2011,97,0,86,0,9,0,,,
Danvers,2011,219,3,209,3,7,0,,,
Dedham,2011,186,0,181,0,10,0,,,
Dover,2011,28,0,27,0,0,0,,,
Duxbury,2011,86,1,85,1,1,0,,,
Essex,2011,16,0,16,0,0,0,,,
Everett,2011,141,0,131,0,4,0,,,
Foxborough,2011,157,1,157,1,5,0,,,
Framingham,2011,595,5,552,3,17,0,,,
Franklin,2011,144,1,138,1,4,0,,,
Gloucester,2011,39,0,37,0,2,0,,,
Hamilton,2011,12,0,9,0,0,0,,,
Hanover,2011,110,2,108,2,0,0,,,
Hingham,2011,134,2,128,2,5,0,,,
Holbrook,2011,72,2,67,2,3,0,,,
Holliston,2011,81,1,79,1,3,0,,,
Hopkinton,2011,104,1,102,1,9,0,,,
Hudson,2011,89,3,89,3,9,2,,,
Hull,2011,20,0,17,0,1,0,,,
Ipswich,2011,37,0,33,0,3,0,,,
Lexington,2011,181,2,172,2,15,0,,,
Lincoln,2011,32,0,32,0,0,0,,,
Littleton,2011,80,0,79,0,3,0,,,
Lynn,2011,645,2,580,2,10,0,,,
Lynnfield,2011,53,4,53,2,1,0,,,
Malden,2011,16,0,16,0,2,0,,,
Manchester,2011,15,0,15,0,1,0,,,
Marblehead,2011,33,0,22,0,5,0,,,
Marlborough,2011,246,3,235,2,17,0,,,
Marshfield,2011,125,2,117,2,7,1,,,
Maynard,2011,10,0,10,0,0,0,,,
Medfield,2011,40,0,39,0,3,0,,,
Medford,2011,153,0,147,0,8,0,,,
Medway,2011,13,0,13,0,3,0,,,
Melrose,2011,111,0,102,0,5,0,,,
Middleton,2011,51,0,51,0,0,0,,,
Milford,2011,252,4,239,3,11,0,,,
Millis,2011,16,2,16,1,2,0,,,
Milton,2011,254,0,249,0,8,0,,,
Nahant,2011,7,0,7,0,0,0,,,
Natick,2011,145,3,134,3,1,1,,,
Needham,2011,108,0,101,0,7,0,,,
Newton,2011,508,1,445,1,30,0,,,
Norfolk,2011,23,0,22,0,0,0,,,
North Reading,2011,71,1,71,1,4,0,,,
Norwell,2011,78,1,77,1,4,0,,,
Norwood,2011,140,3,132,1,3,1,,,
Peabody,2011,367,3,352,2,11,0,,,
Pembroke,2011,129,1,126,1,25,0,,,
Quincy,2011,551,4,492,3,17,1,,,
Randolph,2011,271,1,262,0,2,0,,,
Reading,2011,75,1,72,1,15,0,,,
Revere,2011,345,3,321,1,4,0,,,
Rockland,2011,124,0,116,0,0,0,,,
Rockport,2011,11,0,10,0,14,0,,,
Salem,2011,296,3,264,2,6,0,,,
Saugus,2011,212,3,205,2,2,1,,,
Scituate,2011,19,0,19,0,6,0,,,
Sharon,2011,88,1,86,1,1,0,,,
Sherborn,2011,37,0,36,0,12,0,,,
Somerville,2011,327,4,250,4,7,1,,,
Southborough,2011,57,1,55,1,3,1,,,
Stoneham,2011,145,0,140,0,1,0,,,
Stoughton,2011,264,1,248,1,7,0,,,
Stow,2011,16,0,16,0,21,0,,,
Sudbury,2011,97,2,92,2,4,1,,,
Swampscott,2011,148,0,144,0,6,0,,,
Topsfield,2011,41,0,40,0,2,0,,,
Wakefield,2011,20,0,18,0,1,0,,,
Walpole,2011,132,0,128,0,7,0,,,
Waltham,2011,440,4,381,3,7,0,,,
Watertown,2011,149,0,124,0,3,0,,,
Wayland,2011,76,0,75,0,7,0,,,
Wellesley,2011,159,0,146,0,3,0,,,
Wenham,2011,20,0,18,0,3,0,,,
Weston,2011,145,0,140,0,3,0,,,
Westwood,2011,115,0,109,0,10,0,,,
Weymouth,2011,457,6,421,4,14,1,,,
Wilmington,2011,218,3,212,1,15,2,,,
Winchester,2011,61,0,58,0,1,0,,,
Winthrop,2011,27,0,24,0,1,0,,,
Woburn,2011,277,1,265,1,18,0,,,
Wrentham,2011,107,2,107,2,8,0,,,
Total,2011,15948,125,14606,95,706,17,,,
Acton,2012,77,0,74,0,1,0,,,
Arlington,2012,128,0,99,0,4,0,,,
Ashland,2012,64,0,57,0,1,0,,,
Bedford,2012,87,0,79,0,2,0,,,
Bellingham,2012,101,1,98,1,4,0,,,
Belmont,2012,76,0,68,0,4,0,,,
Beverly,2012,214,2,194,2,6,0,,,
Bolton,2012,59,1,57,1,5,0,,,
Boston,2012,1669,29,1445,24,67,4,,,
Boxborough,2012,25,0,24,0,3,0,,,
Braintree,2012,321,4,318,4,14,0,,,
Brookline,2012,165,1,130,1,10,0,,,
Burlington,2012,138,2,130,2,4,0,,,
Cambridge,2012,494,2,298,1,12,1,,,
Canton,2012,180,3,176,2,9,0,,,
Carlisle,2012,10,0,9,0,0,0,,,
Chelsea,2012,239,0,201,0,13,0,,,
Cohasset,2012,39,1,38,1,1,0,,,
Concord,2012,92,1,76,1,4,0,,,
Danvers,2012,291,2,286,1,7,0,,,
Dedham,2012,228,1,219,1,20,0,,,
Dover,2012,25,0,23,0,0,0,,,
Duxbury,2012,71,0,70,0,5,0,,,
Essex,2012,13,0,13,0,0,0,,,
Everett,2012,147,3,138,1,7,0,,,
Foxborough,2012,128,4,125,4,5,1,,,
Framingham,2012,482,4,465,2,14,1,,,
Franklin,2012,125,2,121,2,4,0,,,
Gloucester,2012,50,4,47,3,1,1,,,
Hamilton,2012,16,0,14,0,0,0,,,
Hanover,2012,99,1,96,1,1,0,,,
Hingham,2012,143,1,138,1,6,0,,,
Holbrook,2012,95,0,93,0,3,0,,,
Holliston,2012,105,0,101,0,0,0,,,
Hopkinton,2012,109,1,107,1,8,0,,,
Hudson,2012,73,0,70,0,0,0,,,
Hull,2012,4,0,3,0,0,0,,,
Ipswich,2012,31,0,28,0,0,0,,,
Lexington,2012,156,1,131,1,7,0,,,
Lincoln,2012,43,0,41,0,0,0,,,
Littleton,2012,39,3,38,3,3,0,,,
Lynn,2012,681,5,607,1,10,0,,,
Lynnfield,2012,82,0,79,0,6,0,,,
Malden,2012,307,2,267,2,6,1,,,
Manchester,2012,13,0,11,0,0,0,,,
Marblehead,2012,26,1,22,1,0,0,,,
Marlborough,2012,243,2,233,2,12,0,,,
Marshfield,2012,108,1,102,1,0,0,,,
Maynard,2012,13,0,12,0,0,0,,,
Medfield,2012,29,0,27,0,0,0,,,
Medford,2012,279,2,256,1,8,1,,,
Medway,2012,80,1,77,1,3,0,,,
Melrose,2012,84,0,72,0,0,0,,,
Middleton,2012,55,0,54,0,1,0,,,
Milford,2012,227,0,213,0,8,0,,,
Millis,2012,24,0,23,0,0,0,,,
Milton,2012,291,4,285,3,17,0,,,
Nahant,2012,3,0,3,0,0,0,,,
Natick,2012,145,0,124,0,2,0,,,
Needham,2012,156,0,148,0,11,0,,,
Newton,2012,545,3,460,1,17,0,,,
Norfolk,2012,27,0,27,0,0,0,,,
North Reading,2012,35,0,35,0,2,0,,,
Norwell,2012,63,0,63,0,0,0,,,
Norwood,2012,207,0,195,0,5,0,,,
Peabody,2012,384,3,360,3,9,0,,,
Pembroke,2012,118,0,117,0,18,0,,,
Quincy,2012,617,7,545,2,8,2,,,
Randolph,2012,147,4,143,3,2,0,,,
Reading,2012,99,0,90,0,15,0,,,
Revere,2012,298,0,274,0,6,0,,,
Rockland,2012,116,1,116,1,1,0,,,
Rockport,2012,12,0,12,0,6,0,,,
Salem,2012,311,4,260,1,9,1,,,
Saugus,2012,186,1,175,1,3,0,,,
Scituate,2012,36,1,34,1,4,0,,,
Sharon,2012,112,1,110,0,2,0,,,
Sherborn,2012,63,0,61,0,4,0,,,
Somerville,2012,334,0,255,0,3,0,,,
Southborough,2012,43,0,43,0,4,0,,,
Stoneham,2012,117,2,114,2,1,1,,,
Stoughton,2012,220,3,206,2,7,0,,,
Stow,2012,24,0,24,0,3,0,,,
Sudbury,2012,96,1,91,1,1,0,,,
Swampscott,2012,77,0,75,0,4,0,,,
Topsfield,2012,40,0,38,0,1,0,,,
Wakefield,2012,103,0,87,0,4,0,,,
Walpole,2012,153,0,145,0,7,0,,,
Waltham,2012,379,1,324,0,20,0,,,
Watertown,2012,183,0,143,0,8,0,,,
Wayland,2012,63,0,61,0,0,0,,,
Wellesley,2012,138,2,129,1,8,1,,,
Wenham,2012,23,0,22,0,4,0,,,
Weston,2012,164,3,152,3,10,0,,,
Westwood,2012,91,0,85,0,4,0,,,
Weymouth,2012,402,4,377,3,21,0,,,
Wilmington,2012,178,0,171,0,4,0,,,
Winchester,2012,62,0,52,0,1,0,,,
Winthrop,2012,19,0,16,0,0,0,,,
Woburn,2012,344,2,326,1,26,0,,,
Wrentham,2012,126,0,122,0,2,0,,,
Total,2012,16252,135,14688,99,593,15,,,
Acton,2013,77,0,74,0,3,0,,,
Arlington,2013,123,1,100,0,2,0,,,
Ashland,2013,58,2,51,2,2,1,,,
Bedford,2013,83,1,72,1,3,0,,,
Bellingham,2013,112,2,105,2,1,0,,,
Belmont,2013,83,0,73,0,3,0,,,
Beverly,2013,160,1,143,1,6,0,,,
Bolton,2013,62,0,59,0,1,0,,,
Boston,2013,1775,19,1566,10,56,2,,,
Boxborough,2013,30,1,30,1,2,0,,,
Braintree,2013,379,1,362,1,19,0,,,
Brookline,2013,94,1,71,0,1,0,,,
Burlington,2013,223,0,218,0,15,0,,,
Cambridge,2013,455,3,267,1,11,0,,,
Canton,2013,161,3,156,2,11,0,,,
Carlisle,2013,13,0,12,-1,0,0,,,
Chelsea,2013,255,1,191,1,10,0,,,
Cohasset,2013,32,0,32,0,3,0,,,
Concord,2013,94,0,88,0,5,0,,,
Danvers,2013,234,1,226,0,11,0,,,
Dedham,2013,205,0,199,0,10,0,,,
Dover,2013,28,0,27,0,0,0,,,
Duxbury,2013,72,0,72,0,11,0,,,
Essex,2013,12,0,12,0,0,0,,,
Everett,2013,177,1,159,0,5,0,,,
Foxborough,2013,143,1,133,1,12,0,,,
Framingham,2013,575,1,562,1,20,0,,,
Franklin,2013,127,3,120,3,3,1,,,
Gloucester,2013,52,0,50,0,2,0,,,
Hamilton,2013,24,0,20,0,5,0,,,
Hanover,2013,99,1,98,1,8,0,,,
Hingham,2013,134,1,130,1,5,0,,,
Holbrook,2013,71,0,69,0,5,0,,,
Holliston,2013,61,0,59,0,1,0,,,
Hopkinton,2013,104,4,100,3,6,2,,,
Hudson,2013,136,0,124,0,11,0,,,
Hull,2013,29,0,19,0,0,0,,,
Ipswich,2013,37,1,36,1,1,0,,,
Lexington,2013,156,0,145,0,4,0,,,
Lincoln,2013,30,0,26,0,0,0,,,
Littleton,2013,65,0,64,0,2,0,,,
Lynn,2013,645,5,553,3,24,2,,,
Lynnfield,2013,99,1,96,1,2,0,,,
Malden,2013,270,2,246,0,8,0,,,
Manchester,2013,7,0,7,0,0,0,,,
Marblehead,2013,25,0,21,0,0,0,,,
Marlborough,2013,221,0,200,0,6,0,,,
Marshfield,2013,116,0,112,0,8,0,,,
Maynard,2013,12,0,12,0,0,0,,,
Medfield,2013,37,0,35,0,6,0,,,
Medford,2013,309,2,284,1,5,0,,,
Medway,2013,66,0,66,0,0,0,,,
Melrose,2013,102,2,94,1,5,0,,,
Middleton,2013,75,0,73,0,2,0,,,
Milford,2013,237,0,222,0,6,0,,,
Millis,2013,18,0,18,0,0,0,,,
Milton,2013,267,3,259,2,13,0,,,
Nahant,2013,3,0,3,0,0,0,,,
Natick,2013,182,0,168,0,7,0,,,
Needham,2013,176,0,172,0,6,0,,,
Newton,2013,542,2,481,0,19,0,,,
Norfolk,2013,23,1,22,1,4,0,,,
North Reading,2013,35,0,35,0,1,0,,,
Norwell,2013,135,3,133,3,4,0,,,
Norwood,2013,207,3,197,3,19,0,,,
Peabody,2013,322,4,307,2,8,1,,,
Pembroke,2013,137,0,131,0,13,0,,,
Quincy,2013,557,1,495,1,6,0,,,
Randolph,2013,82,1,82,0,1,0,,,
Reading,2013,83,1,80,1,15,0,,,
Revere,2013,313,3,285,2,3,0,,,
Rockland,2013,51,2,50,1,1,0,,,
Rockport,2013,2,0,2,0,6,0,,,
Salem,2013,270,2,249,0,4,0,,,
Saugus,2013,248,1,230,0,0,0,,,
Scituate,2013,47,0,46,0,4,0,,,
Sharon,2013,126,0,120,0,0,0,,,
Sherborn,2013,51,0,50,0,17,0,,,
Somerville,2013,343,1,258,1,5,0,,,
Southborough,2013,56,1,54,0,4,0,,,
Stoneham,2013,141,0,133,0,2,0,,,
Stoughton,2013,225,2,217,1,11,0,,,
Stow,2013,23,1,22,1,3,0,,,
Sudbury,2013,79,1,72,1,2,0,,,
Swampscott,2013,83,0,79,0,1,0,,,
Topsfield,2013,21,0,21,0,0,0,,,
Wakefield,2013,100,0,85,0,3,0,,,
Walpole,2013,132,1,128,1,6,0,,,
Waltham,2013,406,2,360,2,15,0,,,
Watertown,2013,152,1,131,1,10,0,,,
Wayland,2013,70,0,67,0,2,0,,,
Wellesley,2013,169,1,155,1,4,0,,,
Wenham,2013,17,1,16,1,1,1,,,
Weston,2013,160,1,156,1,4,0,,,
Westwood,2013,126,1,122,1,0,0,,,
Weymouth,2013,417,0,389,0,18,0,,,
Wilmington,2013,200,1,195,1,10,0,,,
Winchester,2013,43,0,38,0,2,0,,,
Winthrop,2013,37,0,30,0,1,0,,,
Woburn,2013,286,0,274,0,19,0,,,
Wrentham,2013,132,1,130,1,3,0,,,
Total,2013,16356,105,14888,68,625,10,,,
Acton,2014,82,0,82,0,2,0,289,,
Arlington,2014,98,0,98,0,5,0,586,,
Ashland,2014,75,2,75,2,3,0,230,,
Bedford,2014,64,0,64,0,5,0,271,,
Bellingham,2014,122,2,122,2,9,0,536,,
Belmont,2014,77,0,77,0,2,0,324,,
Beverly,2014,192,0,192,0,2,0,581,,
Bolton,2014,63,0,63,0,9,0,167,,
Boston,2014,1678,22,1678,22,83,4,4023,,
Boxborough,2014,16,0,16,0,0,0,76,,
Braintree,2014,351,0,351,0,26,0,711,,
Brookline,2014,200,0,200,0,6,0,369,,
Burlington,2014,219,1,219,1,12,0,671,,
Cambridge,2014,405,1,405,1,13,0,1610,,
Canton,2014,161,2,161,2,7,0,584,,
Carlisle,2014,4,0,4,0,0,0,41,,
Chelsea,2014,274,2,274,2,13,0,894,,
Cohasset,2014,26,0,26,0,0,0,126,,
Concord,2014,106,0,106,0,1,0,343,,
Danvers,2014,235,0,235,0,6,0,609,,
Dedham,2014,186,3,186,3,5,0,552,,
Dover,2014,21,1,21,1,3,0,87,,
Duxbury,2014,80,1,80,1,7,0,199,,
Essex,2014,11,0,11,0,0,0,35,,
Everett,2014,224,1,224,1,6,0,415,,
Foxborough,2014,150,0,150,0,9,0,527,,
Framingham,2014,580,4,580,4,13,2,1496,,
Franklin,2014,123,2,123,2,4,0,399,,
Gloucester,2014,103,1,103,1,0,0,464,,
Hamilton,2014,18,0,18,0,0,0,69,,
Hanover,2014,149,2,149,2,5,0,214,,
Hingham,2014,82,2,82,2,1,0,387,,
Holbrook,2014,88,2,88,2,1,0,218,,
Holliston,2014,76,0,76,0,1,0,237,,
Hopkinton,2014,80,1,80,1,7,0,379,,
Hudson,2014,109,1,109,1,5,0,424,,
Hull,2014,26,1,26,1,0,0,117,,
Ipswich,2014,35,0,35,0,0,0,114,,
Lexington,2014,248,2,248,2,15,1,703,,
Lincoln,2014,38,0,38,0,1,0,115,,
Littleton,2014,81,0,81,0,5,0,365,,
Lynn,2014,796,3,796,3,25,0,2712,,
Lynnfield,2014,94,0,94,0,5,0,260,,
Malden,2014,180,1,180,1,6,1,529,,
Manchester,2014,12,0,12,0,2,0,45,,
Marblehead,2014,34,1,34,1,2,0,181,,
Marlborough,2014,277,2,277,2,14,1,1196,,
Marshfield,2014,108,1,108,1,5,0,372,,
Maynard,2014,30,0,30,0,1,0,142,,
Medfield,2014,42,0,42,0,1,0,140,,
Medford,2014,285,2,285,2,14,0,955,,
Medway,2014,55,0,55,0,4,0,162,,
Melrose,2014,61,1,61,1,1,0,280,,
Middleton,2014,47,2,47,2,1,0,196,,
Milford,2014,306,4,306,4,14,1,1164,,
Millis,2014,24,0,24,0,5,0,67,,
Milton,2014,256,2,256,2,12,1,524,,
Nahant,2014,15,0,15,0,0,0,41,,
Natick,2014,157,0,157,0,2,0,860,,
Needham,2014,147,1,147,1,14,0,468,,
Newton,2014,544,0,544,0,14,0,1703,,
Norfolk,2014,28,0,28,0,1,0,103,,
North Reading,2014,47,0,47,0,1,0,158,,
Norwell,2014,101,2,101,2,2,0,274,,
Norwood,2014,132,6,132,6,2,0,435,,
Peabody,2014,387,3,387,3,13,1,1318,,
Pembroke,2014,312,3,312,3,3,0,348,,
Quincy,2014,125,1,125,1,20,1,2230,,
Randolph,2014,640,4,640,4,8,1,657,,
Reading,2014,327,3,327,3,7,0,551,,
Revere,2014,111,0,111,0,21,0,715,,
Rockland,2014,371,1,371,1,5,1,191,,
Rockport,2014,87,1,87,1,0,0,32,,
Salem,2014,11,0,11,0,11,0,812,,
Saugus,2014,289,1,289,1,4,0,542,,
Scituate,2014,256,2,256,2,4,0,200,,
Sharon,2014,38,1,38,1,3,0,363,,
Sherborn,2014,110,1,110,1,0,0,160,,
Somerville,2014,44,0,44,0,10,1,781,,
Southborough,2014,306,1,306,1,7,0,243,,
Stoneham,2014,52,1,52,1,12,0,321,,
Stoughton,2014,138,4,138,4,12,0,716,,
Stow,2014,86,0,86,0,0,0,119,,
Sudbury,2014,247,0,247,0,6,0,271,,
Swampscott,2014,23,0,23,0,1,0,159,,
Topsfield,2014,88,0,88,0,0,0,77,,
Wakefield,2014,63,0,63,0,6,0,474,,
Walpole,2014,33,0,33,0,14,1,426,,
Waltham,2014,155,0,155,0,16,0,1363,,
Watertown,2014,141,2,141,2,7,0,352,,
Wayland,2014,365,2,365,2,0,1,231,,
Wellesley,2014,147,0,147,0,4,0,842,,
Wenham,2014,54,1,54,1,0,0,70,,
Weston,2014,135,0,135,0,10,0,626,,
Westwood,2014,19,0,19,0,8,0,508,,
Weymouth,2014,151,0,151,0,10,0,1274,,
Wilmington,2014,113,1,113,1,11,0,570,,
Winchester,2014,403,2,403,2,2,0,278,,
Winthrop,2014,199,3,199,3,2,0,150,,
Woburn,2014,65,2,65,2,15,1,1051,,
Wrentham,2014,44,0,44,0,10,1,358,,
Total,2014,16869,124,16869,124,702,20,52903,,