town,year,bike_inj,bike_fat,bike_tot,ped_inj,ped_fat,ped_tot
Acton,2004,0,0,1,3,0,5
Arlington,2004,2,0,2,1,0,1
Ashland,2004,3,0,3,1,0,2
Bedford,2004,1,0,1,1,0,3
Bellingham,2004,0,0,1,0,0,4
Belmont,2004,2,0,4,6,1,10
Beverly,2004,5,0,12,8,1,17
Bolton,2004,0,0,0,0,0,0
Boston,2004,12,2,22,56,7,95
Boxborough,2004,0,0,0,0,0,0
Braintree,2004,6,1,8,11,1,15
Brookline,2004,5,0,9,19,0,28
Burlington,2004,4,0,8,0,0,2
Cambridge,2004,58,0,89,49,2,85
Canton,2004,2,0,2,1,0,2
Carlisle,2004,1,0,1,0,0,0
Chelsea,2004,10,0,13,23,1,32
Cohasset,2004,1,0,1,0,0,0
Concord,2004,6,0,7,1,0,3
Danvers,2004,4,0,5,5,0,7
Dedham,2004,0,0,1,0,0,6
Dover,2004,5,0,6,0,0,0
Duxbury,2004,0,0,0,0,0,0
Essex,2004,1,0,1,0,0,0
Everett,2004,5,0,12,12,1,22
Foxborough,2004,3,0,4,2,0,2
Framingham,2004,18,0,28,23,1,41
Franklin,2004,0,0,1,1,1,5
Gloucester,2004,1,0,1,5,2,8
Hamilton,2004,1,0,1,1,1,2
Hanover,2004,2,0,3,0,0,2
Hingham,2004,5,0,8,3,0,5
Holbrook,2004,3,0,3,3,0,4
Holliston,2004,0,0,1,0,0,1
Hopkinton,2004,1,0,1,1,0,1
Hudson,2004,0,0,0,0,0,0
Hull,2004,3,0,6,3,0,4
Ipswich,2004,1,0,2,0,0,1
Lexington,2004,11,0,13,3,0,6
Lincoln,2004,0,0,2,0,0,0
Littleton,2004,0,0,1,0,0,0
Lynn,2004,15,0,43,57,1,96
Lynnfield,2004,0,0,0,0,0,1
Malden,2004,5,0,9,28,0,45
Manchester,2004,0,0,0,0,0,0
Marblehead,2004,4,0,6,2,0,2
Marlborough,2004,4,0,4,3,1,6
Marshfield,2004,5,0,5,1,1,4
Maynard,2004,0,0,1,0,0,2
Medfield,2004,1,0,3,1,0,1
Medford,2004,9,0,14,9,1,19
Medway,2004,0,0,0,0,1,4
Melrose,2004,1,0,2,6,0,9
Middleton,2004,1,0,1,0,0,0
Milford,2004,1,0,1,1,0,1
Millis,2004,1,0,2,0,0,0
Milton,2004,0,0,1,2,0,5
Nahant,2004,0,0,0,0,0,0
Natick,2004,4,0,7,3,0,5
Needham,2004,1,0,3,2,0,5
Newton,2004,13,0,19,35,0,40
Norfolk,2004,0,0,0,0,0,0
North Reading,2004,1,0,1,0,0,0
Norwell,2004,0,0,2,1,0,1
Norwood,2004,5,0,6,8,2,11
Peabody,2004,8,0,13,6,1,7
Pembroke,2004,3,0,4,3,0,3
Quincy,2004,11,0,21,38,0,57
Randolph,2004,7,0,8,11,0,13
Reading,2004,1,0,5,4,1,9
Revere,2004,2,0,4,10,1,20
Rockland,2004,3,0,3,6,1,7
Rockport,2004,0,0,0,0,0,0
Salem,2004,13,0,20,26,0,38
Saugus,2004,3,0,3,5,1,7
Scituate,2004,0,0,0,0,0,1
Sharon,2004,0,0,0,1,0,1
Sherborn,2004,0,0,0,0,0,0
Somerville,2004,31,1,37,31,1,45
Southborough,2004,0,0,1,1,0,2
Stoneham,2004,0,0,0,5,0,8
Stoughton,2004,4,0,6,6,1,10
Stow,2004,0,0,0,0,0,1
Sudbury,2004,0,0,0,1,0,2
Swampscott,2004,2,0,5,1,1,5
Topsfield,2004,1,0,1,0,0,0
Wakefield,2004,4,0,6,9,0,12
Walpole,2004,0,0,2,1,1,7
Waltham,2004,16,0,26,22,2,32
Watertown,2004,2,0,8,11,1,16
Wayland,2004,0,0,1,0,0,2
Wellesley,2004,7,0,9,16,0,20
Wenham,2004,1,0,1,2,0,2
Weston,2004,2,0,3,0,1,1
Westwood,2004,0,0,1,0,0,0
Weymouth,2004,4,1,10,12,0,22
Wilmington,2004,1,0,2,1,0,1
Winchester,2004,3,0,8,3,0,4
Winthrop,2004,0,0,1,7,0,11
Woburn,2004,3,1,7,9,0,11
Wrentham,2004,0,0,1,0,0,0
Total,2004,385,6,631,649,39,1055
Acton,2005,1,0,2,3,0,6
Arlington,2005,2,0,2,3,0,4
Ashland,2005,0,0,0,0,1,1
Bedford,2005,0,0,5,0,0,3
Bellingham,2005,2,0,4,0,0,3
Belmont,2005,5,0,6,6,0,6
Beverly,2005,7,0,12,5,0,19
Bolton,2005,0,0,0,0,0,0
Boston,2005,5,0,16,32,7,71
Boxborough,2005,0,0,0,0,0,0
Braintree,2005,4,0,4,5,0,8
Brookline,2005,20,0,33,23,1,39
Burlington,2005,0,0,1,2,0,3
Cambridge,2005,71,0,115,64,3,108
Canton,2005,1,0,1,2,0,5
Carlisle,2005,0,0,1,0,0,0
Chelsea,2005,6,0,10,35,0,47
Cohasset,2005,0,0,1,0,0,0
Concord,2005,3,0,8,3,0,3
Danvers,2005,2,0,4,5,0,8
Dedham,2005,0,0,1,1,0,10
Dover,2005,2,0,2,0,0,0
Duxbury,2005,1,0,1,0,0,0
Essex,2005,1,0,1,0,0,1
Everett,2005,8,0,10,12,0,21
Foxborough,2005,0,0,0,4,0,4
Framingham,2005,12,0,24,14,2,21
Franklin,2005,0,0,0,0,1,4
Gloucester,2005,2,0,3,1,1,4
Hamilton,2005,0,0,1,0,0,1
Hanover,2005,1,0,2,0,0,1
Hingham,2005,3,0,4,3,0,3
Holbrook,2005,0,0,0,1,0,1
Holliston,2005,2,0,2,1,0,1
Hopkinton,2005,1,0,1,1,0,1
Hudson,2005,0,0,3,1,0,3
Hull,2005,0,0,2,1,0,1
Ipswich,2005,1,0,3,0,0,0
Lexington,2005,7,0,8,12,0,14
Lincoln,2005,1,0,2,0,0,1
Littleton,2005,1,0,1,2,0,2
Lynn,2005,17,0,30,55,2,87
Lynnfield,2005,0,0,0,0,0,0
Malden,2005,5,0,7,12,1,22
Manchester,2005,0,0,0,1,0,1
Marblehead,2005,0,0,1,0,0,2
Marlborough,2005,3,0,5,2,1,11
Marshfield,2005,1,0,1,0,1,1
Maynard,2005,0,0,3,0,0,0
Medfield,2005,1,0,2,0,0,0
Medford,2005,7,0,11,15,1,24
Medway,2005,0,0,2,0,0,1
Melrose,2005,2,0,4,5,0,5
Middleton,2005,0,0,3,0,0,1
Milford,2005,0,0,1,0,0,3
Millis,2005,0,0,0,0,0,1
Milton,2005,0,0,0,5,0,10
Nahant,2005,0,0,0,0,0,0
Natick,2005,2,0,3,3,0,3
Needham,2005,2,0,6,3,0,5
Newton,2005,16,0,22,24,0,38
Norfolk,2005,0,0,0,0,0,0
North Reading,2005,1,0,2,2,0,2
Norwell,2005,0,0,2,0,0,1
Norwood,2005,5,0,7,6,0,7
Peabody,2005,3,0,5,12,1,17
Pembroke,2005,1,0,2,2,0,2
Quincy,2005,11,0,17,36,1,59
Randolph,2005,1,0,1,4,0,9
Reading,2005,3,0,4,1,0,3
Revere,2005,2,0,7,7,1,12
Rockland,2005,2,0,2,2,0,2
Rockport,2005,0,0,0,1,0,1
Salem,2005,14,0,25,10,0,23
Saugus,2005,4,0,4,5,2,9
Scituate,2005,0,0,1,2,0,2
Sharon,2005,2,0,5,1,0,1
Sherborn,2005,1,0,1,0,0,0
Somerville,2005,30,1,38,31,1,49
Southborough,2005,0,0,0,1,0,1
Stoneham,2005,4,0,4,4,0,7
Stoughton,2005,6,0,10,2,0,4
Stow,2005,0,0,0,0,0,0
Sudbury,2005,1,0,2,4,0,4
Swampscott,2005,2,0,3,1,0,4
Topsfield,2005,0,0,1,2,0,3
Wakefield,2005,2,0,2,4,1,7
Walpole,2005,0,0,0,1,0,3
Waltham,2005,11,0,16,16,0,30
Watertown,2005,4,0,6,8,0,12
Wayland,2005,1,0,4,0,0,0
Wellesley,2005,2,0,4,7,0,8
Wenham,2005,0,0,0,0,1,1
Weston,2005,1,1,2,0,0,1
Westwood,2005,2,0,2,2,0,3
Weymouth,2005,5,0,7,15,2,28
Wilmington,2005,0,0,0,5,0,7
Winchester,2005,3,0,4,2,0,6
Winthrop,2005,3,0,3,1,0,3
Woburn,2005,7,0,11,6,0,15
Wrentham,2005,0,0,3,1,0,3
Total,2005,362,2,604,571,32,992
Acton,2006,0,0,8,2,0,2
Arlington,2006,7,0,10,6,0,11
Ashland,2006,0,0,3,1,0,3
Bedford,2006,3,0,12,1,0,3
Bellingham,2006,1,0,4,0,0,0
Belmont,2006,9,0,11,3,0,8
Beverly,2006,8,0,12,8,0,14
Bolton,2006,0,0,0,1,0,1
Boston,2006,7,0,12,25,8,67
Boxborough,2006,0,0,0,0,0,0
Braintree,2006,2,0,3,3,0,9
Brookline,2006,7,0,17,20,1,36
Burlington,2006,2,0,4,1,0,9
Cambridge,2006,75,0,120,46,1,90
Canton,2006,1,0,2,5,0,5
Carlisle,2006,0,0,0,0,0,0
Chelsea,2006,14,0,17,27,0,33
Cohasset,2006,1,0,2,2,0,2
Concord,2006,1,0,1,1,0,1
Danvers,2006,3,0,3,4,1,7
Dedham,2006,1,0,1,1,0,4
Dover,2006,2,0,2,0,0,0
Duxbury,2006,1,0,1,1,0,2
Essex,2006,0,0,0,0,0,0
Everett,2006,2,0,6,9,0,15
Foxborough,2006,1,1,2,1,0,1
Framingham,2006,17,0,29,20,0,29
Franklin,2006,0,0,0,1,0,2
Gloucester,2006,5,0,5,2,0,6
Hamilton,2006,0,0,2,0,0,0
Hanover,2006,0,0,1,1,0,1
Hingham,2006,3,0,3,0,0,4
Holbrook,2006,2,0,2,3,0,6
Holliston,2006,0,0,0,1,0,2
Hopkinton,2006,0,0,0,0,1,2
Hudson,2006,1,0,6,1,0,5
Hull,2006,2,0,5,0,0,1
Ipswich,2006,1,0,1,0,0,0
Lexington,2006,12,1,19,12,1,16
Lincoln,2006,0,0,1,0,0,1
Littleton,2006,0,0,0,0,0,1
Lynn,2006,30,0,45,56,1,91
Lynnfield,2006,1,0,1,2,0,2
Malden,2006,15,0,20,37,0,57
Manchester,2006,0,0,0,0,0,1
Marblehead,2006,3,0,3,2,0,2
Marlborough,2006,3,0,9,4,0,14
Marshfield,2006,3,0,6,1,1,7
Maynard,2006,0,0,0,0,0,0
Medfield,2006,2,1,3,0,0,0
Medford,2006,5,0,11,14,1,27
Medway,2006,0,1,1,0,0,1
Melrose,2006,2,0,2,2,0,3
Middleton,2006,0,0,0,0,0,1
Milford,2006,0,0,2,2,1,5
Millis,2006,0,0,0,1,0,1
Milton,2006,1,0,1,0,0,1
Nahant,2006,0,0,0,0,0,0
Natick,2006,8,0,12,4,1,7
Needham,2006,6,0,10,0,0,2
Newton,2006,16,0,20,23,2,35
Norfolk,2006,0,0,2,0,1,2
North Reading,2006,3,0,4,0,0,1
Norwell,2006,1,0,1,1,0,2
Norwood,2006,6,0,10,7,0,9
Peabody,2006,1,0,2,9,0,14
Pembroke,2006,2,0,2,2,0,4
Quincy,2006,5,0,11,40,4,63
Randolph,2006,2,0,2,10,2,14
Reading,2006,1,0,1,4,0,5
Revere,2006,1,0,2,6,2,11
Rockland,2006,4,0,5,4,0,5
Rockport,2006,0,0,2,0,0,0
Salem,2006,9,0,20,21,2,28
Saugus,2006,3,0,3,11,0,14
Scituate,2006,1,0,1,0,0,0
Sharon,2006,3,0,3,2,0,2
Sherborn,2006,0,0,1,1,0,1
Somerville,2006,26,0,39,30,1,40
Southborough,2006,0,0,0,0,0,0
Stoneham,2006,1,0,4,1,0,4
Stoughton,2006,7,0,10,14,0,15
Stow,2006,1,0,2,0,0,0
Sudbury,2006,3,0,4,2,0,2
Swampscott,2006,1,0,4,1,0,5
Topsfield,2006,1,0,2,1,0,1
Wakefield,2006,7,0,10,4,1,6
Walpole,2006,2,0,3,2,0,4
Waltham,2006,22,0,28,23,0,39
Watertown,2006,4,0,6,17,0,23
Wayland,2006,0,0,1,0,1,1
Wellesley,2006,5,0,7,6,0,7
Wenham,2006,1,0,1,0,0,0
Weston,2006,2,0,2,0,0,0
Westwood,2006,0,0,1,2,0,3
Weymouth,2006,1,0,6,8,0,17
Wilmington,2006,3,0,3,0,0,2
Winchester,2006,2,0,3,0,0,2
Winthrop,2006,1,0,2,3,0,6
Woburn,2006,6,0,13,10,0,20
Wrentham,2006,0,0,0,1,2,7
Total,2006,424,4,696,600,36,1035
Acton,2007,0,0,,0,0,1
Arlington,2007,9,0,,2,0,5
Ashland,2007,0,0,,3,0,4
Bedford,2007,1,0,,0,1,5
Bellingham,2007,0,0,,0,1,2
Belmont,2007,4,0,,7,1,9
Beverly,2007,7,0,,7,0,14
Bolton,2007,0,0,,0,0,0
Boston,2007,18,3,,45,10,97
Boxborough,2007,0,0,,0,0,0
Braintree,2007,2,0,,0,0,6
Brookline,2007,14,0,,22,0,27
Burlington,2007,0,0,,2,1,6
Cambridge,2007,72,0,,45,0,84
Canton,2007,2,0,,9,1,10
Carlisle,2007,1,0,,0,0,0
Chelsea,2007,11,0,,45,0,62
Cohasset,2007,0,0,,0,0,0
Concord,2007,4,0,,3,0,6
Danvers,2007,5,0,,7,0,11
Dedham,2007,2,0,,0,1,6
Dover,2007,2,0,,0,0,0
Duxbury,2007,0,0,,1,0,1
Essex,2007,1,0,,0,0,0
Everett,2007,8,0,,12,0,21
Foxborough,2007,1,0,,1,0,1
Framingham,2007,11,0,,22,0,35
Franklin,2007,0,0,,1,0,6
Gloucester,2007,1,0,,1,0,2
Hamilton,2007,0,0,,1,0,1
Hanover,2007,1,0,,1,0,2
Hingham,2007,1,0,,6,0,9
Holbrook,2007,2,0,,2,0,6
Holliston,2007,2,0,,2,0,3
Hopkinton,2007,0,0,,1,0,2
Hudson,2007,2,0,,0,1,5
Hull,2007,2,0,,1,0,1
Ipswich,2007,2,0,,1,0,3
Lexington,2007,13,0,,9,2,15
Lincoln,2007,0,0,,0,0,0
Littleton,2007,0,0,,0,0,0
Lynn,2007,21,0,,64,0,89
Lynnfield,2007,3,0,,3,0,5
Malden,2007,16,0,,28,2,43
Manchester,2007,0,0,,0,0,1
Marblehead,2007,2,0,,1,0,2
Marlborough,2007,0,0,,4,1,11
Marshfield,2007,1,0,,2,0,2
Maynard,2007,0,0,,0,0,1
Medfield,2007,3,0,,0,0,2
Medford,2007,12,0,,17,2,32
Medway,2007,0,0,,0,0,0
Melrose,2007,1,0,,0,0,1
Middleton,2007,0,0,,1,0,1
Milford,2007,0,0,,0,0,3
Millis,2007,0,0,,0,0,0
Milton,2007,0,0,,3,0,6
Nahant,2007,0,0,,0,0,0
Natick,2007,10,0,,3,0,6
Needham,2007,2,0,,6,1,9
Newton,2007,34,0,,36,0,46
Norfolk,2007,0,0,,0,0,0
North Reading,2007,2,0,,1,0,1
Norwell,2007,0,0,,1,0,2
Norwood,2007,3,0,,10,0,16
Peabody,2007,2,0,,8,0,14
Pembroke,2007,1,0,,3,0,3
Quincy,2007,8,0,,38,1,56
Randolph,2007,0,1,,4,0,9
Reading,2007,1,0,,4,0,4
Revere,2007,4,0,,14,0,18
Rockland,2007,3,0,,2,0,3
Rockport,2007,0,0,,1,0,1
Salem,2007,12,0,,26,0,34
Saugus,2007,1,0,,3,1,5
Scituate,2007,0,0,,0,1,1
Sharon,2007,3,0,,2,0,3
Sherborn,2007,1,0,,1,0,1
Somerville,2007,34,0,,38,0,52
Southborough,2007,1,0,,0,0,1
Stoneham,2007,4,0,,3,0,5
Stoughton,2007,1,0,,5,0,8
Stow,2007,0,0,,0,0,0
Sudbury,2007,4,0,,0,0,0
Swampscott,2007,1,0,,1,0,5
Topsfield,2007,1,0,,0,0,0
Wakefield,2007,2,0,,4,0,5
Walpole,2007,0,1,,3,0,4
Waltham,2007,6,0,,15,1,25
Watertown,2007,7,0,,8,0,14
Wayland,2007,1,0,,2,0,2
Wellesley,2007,7,0,,8,0,12
Wenham,2007,0,0,,2,0,2
Weston,2007,1,0,,2,0,3
Westwood,2007,1,0,,2,1,8
Weymouth,2007,1,0,,9,0,16
Wilmington,2007,2,0,,5,0,6
Winchester,2007,1,0,,1,0,3
Winthrop,2007,0,0,,6,0,7
Woburn,2007,4,0,,10,1,17
Wrentham,2007,0,0,,0,0,0
Total,2007,426,5,,669,31,1094
Acton,2008,0,0,,0,1,3
Arlington,2008,8,0,,6,0,12
Ashland,2008,3,0,,6,0,6
Bedford,2008,2,0,,2,0,3
Bellingham,2008,0,0,,1,0,3
Belmont,2008,3,0,,3,0,3
Beverly,2008,11,0,,2,1,12
Bolton,2008,0,0,,0,1,1
Boston,2008,31,0,,44,14,103
Boxborough,2008,0,0,,0,0,0
Braintree,2008,0,0,,4,0,11
Brookline,2008,15,0,,17,0,29
Burlington,2008,3,0,,7,0,13
Cambridge,2008,78,0,,56,2,101
Canton,2008,4,0,,3,0,3
Carlisle,2008,4,0,,0,3,0
Chelsea,2008,4,0,,36,0,52
Cohasset,2008,1,0,,1,0,1
Concord,2008,6,0,,5,0,7
Danvers,2008,4,0,,5,0,11
Dedham,2008,0,0,,2,0,4
Dover,2008,1,0,,1,0,1
Duxbury,2008,0,0,,0,0,3
Essex,2008,0,0,,2,0,2
Everett,2008,0,1,,6,1,19
Foxborough,2008,1,0,,4,0,5
Framingham,2008,21,0,,19,0,24
Franklin,2008,1,0,,1,1,3
Gloucester,2008,1,0,,1,0,5
Hamilton,2008,1,0,,0,0,0
Hanover,2008,1,0,,1,0,1
Hingham,2008,2,0,,4,0,4
Holbrook,2008,1,0,,5,0,7
Holliston,2008,2,0,,5,0,6
Hopkinton,2008,0,0,,0,0,3
Hudson,2008,0,0,,0,1,3
Hull,2008,3,0,,2,0,3
Ipswich,2008,0,0,,2,0,4
Lexington,2008,5,0,,4,1,10
Lincoln,2008,1,0,,0,0,0
Littleton,2008,0,0,,0,0,0
Lynn,2008,18,1,,57,3,100
Lynnfield,2008,1,0,,1,0,2
Malden,2008,11,0,,28,0,38
Manchester,2008,0,0,,0,0,0
Marblehead,2008,2,0,,1,0,7
Marlborough,2008,9,0,,4,1,7
Marshfield,2008,3,0,,0,2,2
Maynard,2008,0,0,,0,0,1
Medfield,2008,1,0,,0,0,0
Medford,2008,13,0,,15,0,22
Medway,2008,2,0,,0,0,2
Melrose,2008,1,0,,8,0,10
Middleton,2008,0,0,,0,0,1
Milford,2008,1,0,,0,0,0
Millis,2008,1,0,,0,0,0
Milton,2008,2,0,,5,0,7
Nahant,2008,0,0,,0,0,0
Natick,2008,9,0,,10,0,13
Needham,2008,6,0,,4,0,6
Newton,2008,21,0,,35,1,46
Norfolk,2008,0,0,,0,0,1
North Reading,2008,3,0,,1,0,2
Norwell,2008,0,0,,2,0,2
Norwood,2008,3,0,,4,0,9
Peabody,2008,4,0,,5,1,7
Pembroke,2008,2,0,,3,0,3
Quincy,2008,7,0,,41,1,66
Randolph,2008,0,0,,8,1,12
Reading,2008,0,0,,1,0,1
Revere,2008,0,0,,20,0,27
Rockland,2008,3,0,,5,0,7
Rockport,2008,0,0,,1,0,2
Salem,2008,15,0,,10,1,29
Saugus,2008,0,1,,7,0,8
Scituate,2008,0,0,,1,0,1
Sharon,2008,2,0,,3,0,5
Sherborn,2008,1,0,,0,0,0
Somerville,2008,44,0,,39,0,50
Southborough,2008,1,0,,0,0,2
Stoneham,2008,0,0,,8,2,11
Stoughton,2008,4,0,,12,0,17
Stow,2008,3,0,,0,0,0
Sudbury,2008,0,0,,0,0,3
Swampscott,2008,0,0,,2,0,7
Topsfield,2008,2,0,,0,0,0
Wakefield,2008,7,0,,5,2,8
Walpole,2008,1,0,,0,0,1
Waltham,2008,17,0,,34,0,50
Watertown,2008,8,0,,13,1,18
Wayland,2008,0,0,,0,1,2
Wellesley,2008,7,0,,6,0,12
Wenham,2008,0,0,,1,0,1
Weston,2008,3,0,,1,1,4
Westwood,2008,2,0,,1,1,2
Weymouth,2008,8,0,,11,0,17
Wilmington,2008,2,0,,4,0,5
Winchester,2008,0,0,,2,0,5
Winthrop,2008,2,0,,2,0,6
Woburn,2008,15,0,,14,1,21
Wrentham,2008,0,0,,0,0,1
Total,2008,485,3,,692,46,1170
Acton,2009,1,0,,1,0,
Arlington,2009,10,0,,10,0,
Ashland,2009,1,0,,1,0,
Bedford,2009,2,0,,0,0,
Bellingham,2009,1,0,,1,0,
Belmont,2009,5,0,,3,1,
Beverly,2009,4,0,,6,0,
Bolton,2009,0,0,,0,0,
Boston,2009,46,0,,96,2,
Boxborough,2009,0,0,,0,0,
Braintree,2009,2,0,,0,0,
Brookline,2009,21,0,,16,0,
Burlington,2009,1,0,,4,0,
Cambridge,2009,109,0,,52,0,
Canton,2009,3,0,,1,0,
Carlisle,2009,3,0,,0,3,
Chelsea,2009,13,0,,37,0,
Cohasset,2009,1,0,,1,0,
Concord,2009,2,0,,1,1,
Danvers,2009,1,0,,7,2,
Dedham,2009,1,0,,1,0,
Dover,2009,2,0,,0,0,
Duxbury,2009,0,0,,0,0,
Essex,2009,1,0,,0,0,
Everett,2009,4,0,,10,0,
Foxborough,2009,1,0,,4,0,
Framingham,2009,17,0,,29,0,
Franklin,2009,0,0,,0,0,
Gloucester,2009,0,0,,0,0,
Hamilton,2009,0,0,,1,0,
Hanover,2009,1,0,,0,0,
Hingham,2009,4,0,,3,0,
Holbrook,2009,4,0,,1,0,
Holliston,2009,4,0,,3,0,
Hopkinton,2009,1,0,,2,1,
Hudson,2009,1,0,,0,0,
Hull,2009,3,0,,0,0,
Ipswich,2009,0,0,,2,0,
Lexington,2009,10,0,,9,0,
Lincoln,2009,1,0,,1,0,
Littleton,2009,0,0,,0,0,
Lynn,2009,23,0,,49,1,
Lynnfield,2009,0,0,,1,0,
Malden,2009,2,0,,19,1,
Manchester,2009,1,0,,0,0,
Marblehead,2009,2,0,,2,1,
Marlborough,2009,6,0,,6,0,
Marshfield,2009,0,1,,2,0,
Maynard,2009,0,0,,0,0,
Medfield,2009,2,0,,1,0,
Medford,2009,9,0,,13,1,
Medway,2009,0,0,,0,0,
Melrose,2009,5,0,,8,0,
Middleton,2009,0,0,,0,0,
Milford,2009,2,0,,6,0,
Millis,2009,0,0,,0,1,
Milton,2009,2,0,,4,0,
Nahant,2009,0,0,,1,0,
Natick,2009,7,0,,5,0,
Needham,2009,5,0,,6,0,
Newton,2009,20,0,,28,0,
Norfolk,2009,1,0,,0,0,
North Reading,2009,2,0,,2,1,
Norwell,2009,1,0,,0,1,
Norwood,2009,2,0,,7,0,
Peabody,2009,2,0,,5,0,
Pembroke,2009,2,0,,3,0,
Quincy,2009,12,0,,31,1,
Randolph,2009,1,0,,6,0,
Reading,2009,1,0,,0,0,
Revere,2009,8,0,,21,2,
Rockland,2009,0,0,,5,0,
Rockport,2009,1,0,,3,0,
Salem,2009,6,0,,13,1,
Saugus,2009,0,0,,8,1,
Scituate,2009,1,0,,0,0,
Sharon,2009,1,0,,1,0,
Sherborn,2009,0,0,,0,0,
Somerville,2009,37,0,,36,1,
Southborough,2009,0,0,,0,1,
Stoneham,2009,1,0,,2,0,
Stoughton,2009,5,0,,6,1,
Stow,2009,2,0,,0,0,
Sudbury,2009,1,0,,4,0,
Swampscott,2009,1,0,,0,0,
Topsfield,2009,3,0,,0,0,
Wakefield,2009,7,0,,6,0,
Walpole,2009,0,0,,2,0,
Waltham,2009,25,0,,27,0,
Watertown,2009,10,0,,19,1,
Wayland,2009,0,0,,1,0,
Wellesley,2009,4,0,,1,0,
Wenham,2009,0,0,,0,0,
Weston,2009,1,0,,2,0,
Westwood,2009,1,0,,1,0,
Weymouth,2009,3,0,,17,2,
Wilmington,2009,7,0,,4,0,
Winchester,2009,2,0,,0,0,
Winthrop,2009,0,0,,7,0,
Woburn,2009,7,0,,12,1,
Wrentham,2009,0,0,,0,0,
Total,2009,525,1,,706,29,
Acton,2010,1,0,3,0,0,3
Arlington,2010,9,0,24,4,0,14
Ashland,2010,2,0,3,3,0,3
Bedford,2010,1,0,2,2,0,3
Bellingham,2010,1,0,1,5,0,6
Belmont,2010,4,0,5,3,0,4
Beverly,2010,7,0,11,17,0,22
Bolton,2010,0,0,0,2,0,2
Boston,2010,83,3,127,180,7,302
Boxborough,2010,0,0,0,0,1,1
Braintree,2010,4,0,5,3,1,8
Brookline,2010,2,0,3,1,0,3
Burlington,2010,3,0,4,0,0,3
Cambridge,2010,112,0,198,60,1,101
Canton,2010,2,0,4,3,0,5
Carlisle,2010,0,0,1,0,0,0
Chelsea,2010,7,0,12,39,3,56
Cohasset,2010,1,0,1,1,0,2
Concord,2010,6,0,9,2,1,4
Danvers,2010,3,0,3,5,0,7
Dedham,2010,0,0,1,2,0,4
Dover,2010,4,0,4,0,0,0
Duxbury,2010,0,0,1,0,0,2
Essex,2010,0,0,0,1,0,1
Everett,2010,10,0,14,3,0,14
Foxborough,2010,0,0,0,1,0,1
Framingham,2010,22,0,29,32,3,39
Franklin,2010,0,0,4,2,0,4
Gloucester,2010,1,0,2,4,0,5
Hamilton,2010,2,0,2,0,0,0
Hanover,2010,0,0,1,2,0,3
Hingham,2010,4,0,7,2,0,4
Holbrook,2010,2,0,4,3,0,7
Holliston,2010,0,0,0,5,0,5
Hopkinton,2010,2,0,3,3,0,3
Hudson,2010,0,0,1,0,0,2
Hull,2010,3,0,3,2,0,2
Ipswich,2010,3,0,3,1,0,2
Lexington,2010,10,0,10,12,1,19
Lincoln,2010,1,0,1,0,0,0
Littleton,2010,0,0,1,0,0,1
Lynn,2010,30,0,49,41,0,71
Lynnfield,2010,0,0,1,1,0,1
Malden,2010,1,0,1,7,2,13
Manchester,2010,2,0,3,0,0,0
Marblehead,2010,3,0,6,2,0,7
Marlborough,2010,2,0,4,7,0,12
Marshfield,2010,1,0,2,2,0,2
Maynard,2010,0,0,1,1,0,2
Medfield,2010,1,0,2,0,0,0
Medford,2010,3,0,4,11,0,20
Medway,2010,2,0,2,0,0,0
Melrose,2010,2,0,3,8,0,10
Middleton,2010,0,0,0,0,0,1
Milford,2010,4,0,4,2,0,6
Millis,2010,0,0,0,0,0,0
Milton,2010,1,0,5,5,0,8
Nahant,2010,1,0,1,0,0,0
Natick,2010,9,1,11,6,0,7
Needham,2010,6,0,7,5,0,6
Newton,2010,22,1,32,35,0,47
Norfolk,2010,0,0,0,0,0,0
North Reading,2010,2,0,2,1,0,1
Norwell,2010,0,0,0,0,1,2
Norwood,2010,1,0,4,10,1,13
Peabody,2010,3,0,4,6,0,6
Pembroke,2010,3,0,5,1,0,2
Quincy,2010,13,0,15,39,1,49
Randolph,2010,1,0,3,8,1,15
Reading,2010,0,0,0,5,0,10
Revere,2010,3,0,7,11,2,22
Rockland,2010,3,0,3,5,0,5
Rockport,2010,0,0,0,3,0,3
Salem,2010,10,0,17,27,0,39
Saugus,2010,2,0,3,7,1,10
Scituate,2010,0,0,1,0,1,1
Sharon,2010,1,0,1,0,1,2
Sherborn,2010,1,0,1,0,0,0
Somerville,2010,44,0,56,40,0,51
Southborough,2010,0,0,0,0,0,0
Stoneham,2010,2,0,5,3,0,4
Stoughton,2010,3,0,5,4,2,9
Stow,2010,1,0,1,0,0,0
Sudbury,2010,1,0,1,2,0,3
Swampscott,2010,1,0,4,1,0,4
Topsfield,2010,0,0,0,0,0,0
Wakefield,2010,3,0,3,1,0,2
Walpole,2010,1,0,4,4,0,7
Waltham,2010,14,0,19,24,0,27
Watertown,2010,9,0,10,20,0,20
Wayland,2010,0,0,1,0,0,0
Wellesley,2010,10,0,12,6,0,9
Wenham,2010,0,0,1,0,0,0
Weston,2010,2,0,2,2,0,2
Westwood,2010,3,0,4,0,0,0
Weymouth,2010,7,0,9,19,0,24
Wilmington,2010,4,0,7,4,0,5
Winchester,2010,0,0,0,1,0,1
Winthrop,2010,2,0,2,7,0,10
Woburn,2010,11,0,17,4,0,11
Wrentham,2010,0,0,0,0,0,0
Total,2010,563,5,874,803,31,1249
Acton,2011,0,0,2,2,1,6
Arlington,2011,3,0,10,9,0,15
Ashland,2011,1,0,1,1,0,2
Bedford,2011,1,0,3,2,0,3
Bellingham,2011,1,0,1,2,0,3
Belmont,2011,3,0,5,5,0,7
Beverly,2011,14,0,19,14,0,17
Bolton,2011,1,0,2,0,0,1
Boston,2011,61,0,90,157,4,238
Boxborough,2011,0,0,0,0,0,0
Braintree,2011,1,0,1,2,0,9
Brookline,2011,19,0,29,19,0,37
Burlington,2011,1,0,2,2,0,2
Cambridge,2011,101,1,174,67,1,106
Canton,2011,2,0,3,1,0,1
Carlisle,2011,1,0,1,0,1,0
Chelsea,2011,9,0,11,41,1,57
Cohasset,2011,1,0,1,1,0,1
Concord,2011,7,0,8,4,0,6
Danvers,2011,1,0,2,9,0,13
Dedham,2011,3,0,6,2,0,3
Dover,2011,1,0,1,0,0,0
Duxbury,2011,0,0,0,1,0,1
Essex,2011,0,0,0,0,0,0
Everett,2011,2,0,4,8,0,13
Foxborough,2011,0,0,0,0,0,0
Framingham,2011,9,0,14,34,2,45
Franklin,2011,1,0,1,5,0,6
Gloucester,2011,0,0,3,2,0,4
Hamilton,2011,2,0,2,1,0,1
Hanover,2011,1,0,1,1,0,1
Hingham,2011,2,0,4,4,0,6
Holbrook,2011,2,0,4,3,0,6
Holliston,2011,1,0,1,1,0,1
Hopkinton,2011,1,0,1,1,0,1
Hudson,2011,0,0,2,0,0,1
Hull,2011,0,0,3,3,0,3
Ipswich,2011,3,0,4,1,0,2
Lexington,2011,2,0,4,7,0,8
Lincoln,2011,0,0,1,0,0,0
Littleton,2011,0,0,0,1,0,1
Lynn,2011,16,0,36,49,0,82
Lynnfield,2011,0,0,0,0,2,2
Malden,2011,0,0,0,0,0,1
Manchester,2011,0,0,0,0,0,0
Marblehead,2011,8,0,9,3,0,5
Marlborough,2011,1,0,4,10,1,13
Marshfield,2011,4,0,5,4,0,5
Maynard,2011,0,0,0,0,0,1
Medfield,2011,1,0,1,0,0,0
Medford,2011,0,0,1,6,0,6
Medway,2011,0,0,0,0,0,0
Melrose,2011,5,0,8,4,0,7
Middleton,2011,0,0,0,0,0,0
Milford,2011,9,0,9,4,1,6
Millis,2011,0,1,2,0,0,1
Milton,2011,1,0,5,4,0,6
Nahant,2011,0,0,0,0,0,0
Natick,2011,6,0,7,5,0,6
Needham,2011,5,0,6,2,0,4
Newton,2011,28,0,37,35,0,45
Norfolk,2011,0,0,1,1,0,1
North Reading,2011,0,0,1,0,0,0
Norwell,2011,0,0,0,1,0,1
Norwood,2011,4,0,5,4,2,11
Peabody,2011,8,0,8,7,1,12
Pembroke,2011,1,0,1,2,0,2
Quincy,2011,11,1,21,48,0,65
Randolph,2011,2,0,4,7,1,14
Reading,2011,1,0,1,2,0,4
Revere,2011,4,0,7,20,2,29
Rockland,2011,2,0,2,6,0,6
Rockport,2011,0,0,0,1,0,1
Salem,2011,10,0,14,22,1,38
Saugus,2011,1,0,2,6,1,7
Scituate,2011,0,0,1,0,0,1
Sharon,2011,1,0,1,1,0,3
Sherborn,2011,1,0,2,0,0,0
Somerville,2011,34,0,40,43,0,54
Southborough,2011,1,0,1,1,0,1
Stoneham,2011,1,0,1,4,0,5
Stoughton,2011,11,0,15,5,0,6
Stow,2011,0,0,0,0,0,0
Sudbury,2011,4,0,5,1,0,2
Swampscott,2011,2,0,2,2,0,3
Topsfield,2011,0,0,1,1,0,1
Wakefield,2011,0,0,1,2,0,3
Walpole,2011,0,0,1,4,0,7
Waltham,2011,20,0,26,39,1,45
Watertown,2011,11,0,13,14,0,16
Wayland,2011,1,0,2,0,0,1
Wellesley,2011,6,0,11,7,0,8
Wenham,2011,1,0,1,1,0,1
Weston,2011,4,0,6,1,0,1
Westwood,2011,2,0,2,4,0,4
Weymouth,2011,4,0,5,32,2,38
Wilmington,2011,3,0,3,3,2,6
Winchester,2011,1,0,2,2,0,10
Winthrop,2011,1,0,1,2,0,4
Woburn,2011,7,0,10,5,0,11
Wrentham,2011,0,0,0,0,0,0
Total,2011,502,3,771,840,27,1239
Acton,2012,1,0,3,2,0,2
Arlington,2012,13,0,18,16,0,21
Ashland,2012,2,0,3,5,0,6
Bedford,2012,4,0,6,4,0,5
Bellingham,2012,2,0,3,1,0,1
Belmont,2012,3,0,7,5,0,6
Beverly,2012,10,0,12,10,0,12
Bolton,2012,2,0,2,0,0,0
Boston,2012,67,2,102,157,3,237
Boxborough,2012,0,0,0,1,0,1
Braintree,2012,0,0,1,3,0,10
Brookline,2012,17,0,29,18,0,29
Burlington,2012,1,0,2,7,0,7
Cambridge,2012,131,0,220,65,1,102
Canton,2012,1,1,3,3,0,4
Carlisle,2012,1,0,1,0,0,0
Chelsea,2012,7,0,9,31,0,41
Cohasset,2012,1,0,1,0,0,1
Concord,2012,11,0,13,5,0,7
Danvers,2012,1,0,4,4,1,6
Dedham,2012,4,0,4,5,0,12
Dover,2012,1,0,1,1,0,2
Duxbury,2012,0,0,0,1,0,1
Essex,2012,0,0,0,0,0,0
Everett,2012,1,0,3,8,2,19
Foxborough,2012,3,0,3,0,0,3
Framingham,2012,7,0,7,10,2,16
Franklin,2012,0,0,0,4,0,5
Gloucester,2012,2,0,5,1,1,6
Hamilton,2012,2,0,2,0,0,0
Hanover,2012,2,0,2,1,0,2
Hingham,2012,2,0,5,3,0,3
Holbrook,2012,0,0,1,2,0,3
Holliston,2012,2,0,5,2,0,3
Hopkinton,2012,0,0,2,2,0,4
Hudson,2012,2,0,2,1,0,2
Hull,2012,0,0,0,1,0,1
Ipswich,2012,3,0,3,0,0,1
Lexington,2012,16,0,19,9,0,12
Lincoln,2012,1,0,2,1,0,1
Littleton,2012,1,0,1,0,0,2
Lynn,2012,23,0,36,51,4,92
Lynnfield,2012,2,0,2,1,0,1
Malden,2012,6,0,11,34,0,57
Manchester,2012,0,0,0,2,0,2
Marblehead,2012,3,0,6,1,0,2
Marlborough,2012,2,0,5,8,0,11
Marshfield,2012,2,0,3,4,0,5
Maynard,2012,1,0,2,0,0,1
Medfield,2012,0,0,1,2,0,3
Medford,2012,4,0,6,19,1,30
Medway,2012,2,0,2,1,0,1
Melrose,2012,4,0,5,8,0,9
Middleton,2012,1,0,1,0,0,0
Milford,2012,6,0,11,8,0,10
Millis,2012,0,0,0,1,0,1
Milton,2012,1,0,5,5,1,8
Nahant,2012,0,0,0,0,0,0
Natick,2012,10,0,11,11,0,11
Needham,2012,4,0,8,4,0,8
Newton,2012,37,0,45,48,2,57
Norfolk,2012,0,0,0,0,0,0
North Reading,2012,0,0,1,0,0,0
Norwell,2012,0,0,0,0,0,1
Norwood,2012,4,0,5,8,0,11
Peabody,2012,6,0,10,18,0,23
Pembroke,2012,0,0,0,1,0,1
Quincy,2012,16,0,27,56,5,85
Randolph,2012,0,0,0,4,1,7
Reading,2012,3,0,4,6,0,9
Revere,2012,5,0,6,19,0,24
Rockland,2012,0,0,0,0,0,0
Rockport,2012,0,0,0,0,0,0
Salem,2012,18,1,24,33,2,45
Saugus,2012,2,0,2,9,0,10
Scituate,2012,1,0,1,1,0,3
Sharon,2012,2,0,2,0,1,2
Sherborn,2012,1,0,1,1,0,2
Somerville,2012,32,0,48,47,0,59
Southborough,2012,0,0,0,0,0,0
Stoneham,2012,0,0,1,3,0,4
Stoughton,2012,4,0,5,10,1,12
Stow,2012,0,0,0,0,0,0
Sudbury,2012,3,0,5,2,0,3
Swampscott,2012,1,0,1,1,0,2
Topsfield,2012,2,0,2,0,0,1
Wakefield,2012,7,0,7,9,0,13
Walpole,2012,3,0,4,5,0,7
Waltham,2012,20,0,26,35,1,42
Watertown,2012,20,0,22,20,0,24
Wayland,2012,0,0,0,2,0,2
Wellesley,2012,3,1,5,6,0,7
Wenham,2012,1,0,2,0,0,0
Weston,2012,8,0,8,4,0,4
Westwood,2012,3,0,3,3,0,3
Weymouth,2012,6,0,9,19,1,26
Wilmington,2012,1,0,3,6,0,7
Winchester,2012,7,0,8,3,0,7
Winthrop,2012,1,0,1,2,0,2
Woburn,2012,8,0,13,10,1,19
Wrentham,2012,2,0,2,2,0,2
Total,2012,622,5,924,942,31,1374
Acton,2013,2,0,5,1,0,2
Arlington,2013,9,0,22,14,1,19
Ashland,2013,5,0,5,2,0,3
Bedford,2013,5,0,8,6,0,6
Bellingham,2013,1,0,1,6,0,11
Belmont,2013,5,0,10,5,0,7
Beverly,2013,6,0,10,11,0,15
Bolton,2013,2,0,2,1,0,1
Boston,2013,65,1,105,144,8,213
Boxborough,2013,0,0,0,0,0,0
Braintree,2013,3,0,4,14,0,20
Brookline,2013,17,0,29,6,1,17
Burlington,2013,2,0,3,3,0,6
Cambridge,2013,119,0,181,69,2,107
Canton,2013,0,0,0,5,1,8
Carlisle,2013,1,0,1,0,1,0
Chelsea,2013,14,0,18,50,0,66
Cohasset,2013,0,0,1,0,0,0
Concord,2013,3,0,5,3,0,3
Danvers,2013,1,0,1,7,1,9
Dedham,2013,0,0,0,6,0,10
Dover,2013,1,0,1,0,0,0
Duxbury,2013,0,0,0,0,0,3
Essex,2013,0,0,0,0,0,0
Everett,2013,8,0,12,10,1,19
Foxborough,2013,2,0,2,8,0,8
Framingham,2013,6,0,8,7,0,10
Franklin,2013,3,0,4,4,0,5
Gloucester,2013,0,0,1,2,0,2
Hamilton,2013,3,0,4,1,0,1
Hanover,2013,0,0,0,1,0,1
Hingham,2013,1,0,3,3,0,6
Holbrook,2013,0,0,0,2,0,3
Holliston,2013,1,0,1,1,0,2
Hopkinton,2013,2,1,6,2,0,2
Hudson,2013,2,0,2,10,0,10
Hull,2013,5,0,8,5,0,5
Ipswich,2013,1,0,1,0,0,4
Lexington,2013,6,0,10,5,0,7
Lincoln,2013,3,0,3,1,0,2
Littleton,2013,1,0,1,0,0,1
Lynn,2013,19,0,34,73,2,92
Lynnfield,2013,0,0,0,3,0,3
Malden,2013,7,0,10,17,2,32
Manchester,2013,0,0,0,0,0,0
Marblehead,2013,1,0,2,3,0,6
Marlborough,2013,7,0,8,14,0,16
Marshfield,2013,3,0,6,1,0,3
Maynard,2013,0,0,1,0,0,2
Medfield,2013,2,0,2,0,0,0
Medford,2013,11,0,19,14,1,22
Medway,2013,0,0,0,0,0,3
Melrose,2013,3,0,3,5,1,8
Middleton,2013,0,0,1,2,0,2
Milford,2013,3,0,7,12,0,14
Millis,2013,0,0,1,0,0,0
Milton,2013,4,0,4,4,1,7
Nahant,2013,0,0,0,0,0,0
Natick,2013,10,0,15,4,0,6
Needham,2013,1,0,1,3,0,3
Newton,2013,22,0,30,39,2,53
Norfolk,2013,0,0,1,1,0,1
North Reading,2013,0,0,0,0,0,0
Norwell,2013,1,0,1,1,0,1
Norwood,2013,3,0,3,7,0,12
Peabody,2013,3,0,4,12,2,17
Pembroke,2013,1,0,1,5,0,6
Quincy,2013,14,0,17,48,0,70
Randolph,2013,0,0,0,0,1,1
Reading,2013,2,0,2,1,0,1
Revere,2013,9,0,14,19,1,25
Rockland,2013,0,0,0,1,1,3
Rockport,2013,0,0,0,0,0,0
Salem,2013,12,0,18,9,2,18
Saugus,2013,3,0,3,15,1,17
Scituate,2013,0,0,0,1,0,3
Sharon,2013,5,0,7,1,0,2
Sherborn,2013,1,0,2,0,0,0
Somerville,2013,48,0,70,37,0,51
Southborough,2013,2,0,2,0,1,1
Stoneham,2013,3,0,3,5,0,6
Stoughton,2013,2,0,5,6,1,8
Stow,2013,1,0,1,0,0,0
Sudbury,2013,3,0,4,4,0,4
Swampscott,2013,2,0,3,2,0,5
Topsfield,2013,0,0,0,0,0,0
Wakefield,2013,6,0,7,9,0,12
Walpole,2013,1,0,2,3,0,4
Waltham,2013,20,0,27,26,0,33
Watertown,2013,7,0,10,14,0,20
Wayland,2013,3,0,5,0,0,0
Wellesley,2013,6,0,6,8,0,10
Wenham,2013,1,0,1,0,0,0
Weston,2013,2,0,2,2,0,4
Westwood,2013,2,0,2,2,0,2
Weymouth,2013,4,0,7,24,0,27
Wilmington,2013,2,0,4,3,0,3
Winchester,2013,2,0,3,3,0,12
Winthrop,2013,1,0,2,6,0,7
Woburn,2013,4,0,8,8,0,13
Wrentham,2013,2,0,2,0,0,0
Total,2013,576,2,871,892,35,1285